,temp,dem9
2000-01-01,  23.8, 382.5
2000-01-02,  23.6, 349.6
2000-01-03,  23.4, 391.7
2000-01-04,  24.4, 420.7
2000-01-05,  25.5, 451.8
2000-01-06,  25.5, 453.4
2000-01-07,  26.2, 465.8
2000-01-08,  25.8, 425.4
2000-01-09,  25.1, 381.9
2000-01-10,  24.6, 417.5
2000-01-11,  25.2, 437.9
2000-01-12,  26.6, 475.4
2000-01-13,  26.2, 468.5
2000-01-14,  25.5, 450.8
2000-01-15,  25.0, 408.3
2000-01-16,  26.2, 405.5
2000-01-17,  24.0, 404.6
2000-01-18,  24.2, 416.4
2000-01-19,  27.2, 488.3
2000-01-20,  29.3, 535.1
2000-01-21,  25.2, 444.4
2000-01-22,  21.1, 343.8
2000-01-23,  23.0, 336.7
2000-01-24,  23.6, 396.0
2000-01-25,  22.7, 384.2
2000-01-26,  23.0, 398.1
2000-01-27,  24.3, 427.7
2000-01-28,  26.1, 463.7
2000-01-29,  27.1, 453.4
2000-01-30,  27.4, 431.3
2000-01-31,  25.7, 441.1
2000-02-01,  25.1, 435.8
2000-02-02,  24.0, 419.6
2000-02-03,  23.0, 399.7
2000-02-04,  24.1, 420.7
2000-02-05,  26.5, 440.5
2000-02-06,  26.4, 409.8
2000-02-07,  26.2, 451.9
2000-02-08,  25.6, 446.5
2000-02-09,  26.0, 462.5
2000-02-10,  26.6, 477.1
2000-02-11,  25.7, 455.1
2000-02-12,  23.8, 382.5
2000-02-13,  20.3, 315.3
2000-02-14,  20.4, 361.7
2000-02-15,  20.1, 369.2
2000-02-16,  20.9, 376.6
2000-02-17,  22.0, 378.3
2000-02-18,  23.3, 403.5
2000-02-19,  24.1, 388.9
2000-02-20,  23.9, 356.1
2000-02-21,  23.7, 398.2
2000-02-22,  24.3, 418.6
2000-02-23,  25.5, 451.8
2000-02-24,  26.8, 481.4
2000-02-25,  26.1, 463.7
2000-02-26,  25.3, 414.7
2000-02-27,  22.7, 330.3
2000-02-28,  19.1, 361.7
2000-02-29,  19.9, 369.2
2000-03-01,  21.4, 376.6
2000-03-02,  21.8, 378.3
2000-03-03,  22.3, 382.1
2000-03-04,  23.3, 371.8
2000-03-05,  23.0, 336.7
2000-03-06,  22.5, 372.4
2000-03-07,  21.0, 369.2
2000-03-08,  21.1, 376.6
2000-03-09,  21.6, 378.3
2000-03-10,  22.0, 375.6
2000-03-11,  22.4, 352.4
2000-03-12,  21.9, 315.3
2000-03-13,  22.7, 376.7
2000-03-14,  23.8, 407.8
2000-03-15,  25.0, 441.1
2000-03-16,  23.2, 404.0
2000-03-17,  20.1, 375.6
2000-03-18,  20.5, 343.8
2000-03-19,  21.8, 315.3
2000-03-20,  21.9, 361.7
2000-03-21,  20.2, 369.2
2000-03-22,  20.0, 376.6
2000-03-23,  20.4, 378.3
2000-03-24,  18.5, 375.6
2000-03-25,  18.3, 343.8
2000-03-26,  18.9, 315.3
2000-03-27,  16.6, 361.7
2000-03-28,  13.0, 389.2
2000-03-29,  14.3, 386.2
2000-03-30,  16.6, 378.3
2000-03-31,  18.1, 375.6
2000-04-01,  16.7, 343.8
2000-04-02,  16.2, 315.3
2000-04-03,  17.7, 361.7
2000-04-04,  18.0, 369.2
2000-04-05,  18.7, 376.6
2000-04-06,  19.0, 378.3
2000-04-07,  19.1, 375.6
2000-04-08,  17.9, 343.8
2000-04-09,  21.6, 315.3
2000-04-10,  19.7, 361.7
2000-04-11,  14.6, 376.4
2000-04-12,  14.9, 381.4
2000-04-13,  16.6, 378.3
2000-04-14,  17.0, 375.6
2000-04-15,  16.7, 343.8
2000-04-16,  17.4, 315.3
2000-04-17,  16.7, 361.7
2000-04-18,  15.3, 370.8
2000-04-19,  15.2, 379.0
2000-04-20,  14.8, 383.9
2000-04-21,  15.2, 378.0
2000-04-22,  16.8, 343.8
2000-04-23,  19.2, 315.3
2000-04-24,  19.3, 361.7
2000-04-25,  19.8, 369.2
2000-04-26,  18.8, 376.6
2000-04-27,  17.9, 378.3
2000-04-28,  18.5, 375.6
2000-04-29,  18.4, 343.8
2000-04-30,  18.6, 315.3
2000-05-01,  17.3, 361.7
2000-05-02,  13.9, 382.0
2000-05-03,  12.2, 403.1
2000-05-04,  10.5, 418.4
2000-05-05,   9.4, 424.5
2000-05-06,  10.9, 380.7
2000-05-07,  11.8, 344.9
2000-05-08,  11.2, 396.1
2000-05-09,  13.8, 382.8
2000-05-10,  12.2, 403.1
2000-05-11,  13.2, 396.7
2000-05-12,  14.2, 386.0
2000-05-13,  14.7, 350.2
2000-05-14,  15.7, 315.3
2000-05-15,  15.2, 364.1
2000-05-16,  14.5, 377.2
2000-05-17,  14.1, 387.9
2000-05-18,  12.8, 399.9
2000-05-19,  13.0, 395.7
2000-05-20,  12.9, 364.7
2000-05-21,  13.8, 328.9
2000-05-22,  14.8, 367.3
2000-05-23,  14.9, 374.0
2000-05-24,  16.0, 376.6
2000-05-25,  16.2, 378.3
2000-05-26,  13.4, 392.5
2000-05-27,  11.7, 374.3
2000-05-28,  12.4, 340.1
2000-05-29,  13.4, 378.5
2000-05-30,  12.2, 395.6
2000-05-31,  10.0, 420.7
2000-06-01,   7.5, 442.4
2000-06-02,  10.7, 414.1
2000-06-03,  12.9, 364.7
2000-06-04,  15.8, 315.3
2000-06-05,  17.0, 361.7
2000-06-06,  14.0, 381.2
2000-06-07,  13.9, 389.5
2000-06-08,  14.2, 388.7
2000-06-09,  14.3, 385.2
2000-06-10,  14.3, 353.4
2000-06-11,  13.0, 335.3
2000-06-12,  14.8, 367.3
2000-06-13,  18.3, 369.2
2000-06-14,  20.1, 376.6
2000-06-15,  12.5, 402.3
2000-06-16,   8.4, 432.5
2000-06-17,   6.7, 414.4
2000-06-18,   8.3, 373.0
2000-06-19,   8.2, 420.2
2000-06-20,   8.5, 425.3
2000-06-21,   8.4, 433.6
2000-06-22,  10.3, 420.0
2000-06-23,  12.7, 398.1
2000-06-24,  13.7, 358.3
2000-06-25,  11.6, 346.5
2000-06-26,  10.2, 404.2
2000-06-27,  11.5, 401.2
2000-06-28,  13.4, 393.5
2000-06-29,   9.6, 425.6
2000-06-30,  10.2, 418.1
2000-07-01,  12.1, 371.1
2000-07-02,  10.9, 352.1
2000-07-03,   9.9, 406.6
2000-07-04,  11.6, 400.4
2000-07-05,  11.8, 406.3
2000-07-06,  16.8, 378.3
2000-07-07,  12.0, 403.7
2000-07-08,   7.5, 408.0
2000-07-09,   6.5, 387.4
2000-07-10,   5.9, 438.6
2000-07-11,   4.2, 459.8
2000-07-12,   4.8, 462.4
2000-07-13,   3.5, 474.5
2000-07-14,   5.3, 457.4
2000-07-15,   4.9, 428.8
2000-07-16,   5.2, 397.8
2000-07-17,   5.5, 441.8
2000-07-18,   6.2, 443.7
2000-07-19,   6.3, 450.4
2000-07-20,   7.7, 440.8
2000-07-21,   8.9, 428.5
2000-07-22,   5.9, 420.8
2000-07-23,   5.6, 394.6
2000-07-24,   8.5, 417.8
2000-07-25,   8.4, 426.1
2000-07-26,   7.8, 438.4
2000-07-27,   8.6, 433.6
2000-07-28,   8.4, 432.5
2000-07-29,   8.3, 401.6
2000-07-30,  10.5, 355.4
2000-07-31,  10.9, 398.5
2000-08-01,  12.2, 395.6
2000-08-02,  10.8, 414.3
2000-08-03,   7.4, 443.2
2000-08-04,   7.4, 440.6
2000-08-05,  10.3, 385.5
2000-08-06,  12.7, 337.7
2000-08-07,  15.1, 364.9
2000-08-08,  12.8, 390.8
2000-08-09,   8.9, 429.5
2000-08-10,   7.4, 443.2
2000-08-11,   6.3, 449.4
2000-08-12,   6.9, 412.8
2000-08-13,   9.1, 366.6
2000-08-14,  11.5, 393.7
2000-08-15,  11.8, 398.8
2000-08-16,  11.7, 407.1
2000-08-17,  13.6, 393.5
2000-08-18,  13.9, 388.4
2000-08-19,  15.1, 347.0
2000-08-20,  12.7, 337.7
2000-08-21,  16.4, 361.7
2000-08-22,  14.7, 375.6
2000-08-23,  13.6, 391.9
2000-08-24,  13.4, 395.1
2000-08-25,  11.4, 408.5
2000-08-26,  10.4, 384.7
2000-08-27,   9.9, 360.2
2000-08-28,   7.6, 425.0
2000-08-29,  10.0, 413.3
2000-08-30,  10.1, 419.9
2000-08-31,   8.9, 431.2
2000-09-01,   7.9, 436.6
2000-09-02,  10.1, 387.1
2000-09-03,  11.0, 351.3
2000-09-04,  11.8, 391.3
2000-09-05,  12.1, 396.4
2000-09-06,  14.3, 386.2
2000-09-07,  15.0, 382.3
2000-09-08,  15.5, 375.6
2000-09-09,  13.9, 356.7
2000-09-10,  17.6, 315.3
2000-09-11,  13.7, 376.1
2000-09-12,   9.6, 416.5
2000-09-13,   9.0, 428.7
2000-09-14,   8.4, 435.2
2000-09-15,  10.0, 419.7
2000-09-16,  10.9, 380.7
2000-09-17,  13.7, 329.7
2000-09-18,  15.7, 361.7
2000-09-19,  14.9, 374.0
2000-09-20,  14.0, 388.7
2000-09-21,  13.3, 395.9
2000-09-22,  12.1, 402.9
2000-09-23,  13.7, 358.3
2000-09-24,   8.9, 368.2
2000-09-25,   8.7, 416.2
2000-09-26,  12.5, 393.2
2000-09-27,  14.4, 385.4
2000-09-28,  16.7, 378.3
2000-09-29,  18.1, 375.6
2000-09-30,  18.6, 343.8
2000-10-01,  16.8, 315.3
2000-10-02,  13.4, 378.5
2000-10-03,  13.1, 388.4
2000-10-04,  12.4, 401.5
2000-10-05,  10.6, 417.6
2000-10-06,  12.4, 400.5
2000-10-07,  15.8, 343.8
2000-10-08,  17.3, 315.3
2000-10-09,  16.5, 361.7
2000-10-10,  14.8, 374.8
2000-10-11,  16.8, 376.6
2000-10-12,  17.3, 378.3
2000-10-13,  14.8, 381.2
2000-10-14,  14.9, 348.6
2000-10-15,  14.7, 321.7
2000-10-16,  15.8, 361.7
2000-10-17,  15.9, 369.2
2000-10-18,  17.1, 376.6
2000-10-19,  18.7, 378.3
2000-10-20,  20.6, 375.6
2000-10-21,  21.7, 343.8
2000-10-22,  20.5, 315.3
2000-10-23,  14.2, 372.1
2000-10-24,  14.4, 378.0
2000-10-25,  17.1, 376.6
2000-10-26,  18.4, 378.3
2000-10-27,  16.8, 375.6
2000-10-28,  13.1, 363.1
2000-10-29,  12.8, 336.9
2000-10-30,  18.8, 361.7
2000-10-31,  18.5, 369.2
2000-11-01,  17.8, 376.6
2000-11-02,  18.3, 378.3
2000-11-03,  17.7, 375.6
2000-11-04,  18.9, 343.8
2000-11-05,  18.8, 315.3
2000-11-06,  18.0, 361.7
2000-11-07,  17.9, 369.2
2000-11-08,  18.2, 376.6
2000-11-09,  18.1, 378.3
2000-11-10,  18.3, 375.6
2000-11-11,  19.0, 343.8
2000-11-12,  18.0, 315.3
2000-11-13,  15.2, 364.1
2000-11-14,  11.5, 401.2
2000-11-15,  13.2, 395.1
2000-11-16,  17.1, 378.3
2000-11-17,  20.2, 375.6
2000-11-18,  21.4, 343.8
2000-11-19,  19.8, 315.3
2000-11-20,  16.9, 361.7
2000-11-21,  19.5, 369.2
2000-11-22,  20.2, 376.6
2000-11-23,  20.0, 378.3
2000-11-24,  15.3, 377.2
2000-11-25,  17.2, 343.8
2000-11-26,  21.1, 315.3
2000-11-27,  23.1, 385.3
2000-11-28,  20.3, 369.2
2000-11-29,  16.9, 376.6
2000-11-30,  17.7, 378.3
2000-12-01,  20.1, 375.6
2000-12-02,  20.9, 343.8
2000-12-03,  18.8, 315.3
2000-12-04,  16.6, 361.7
2000-12-05,  19.9, 369.2
2000-12-06,  24.5, 430.3
2000-12-07,  24.8, 438.4
2000-12-08,  23.2, 401.4
2000-12-09,  24.8, 404.0
2000-12-10,  21.9, 315.3
2000-12-11,  24.9, 424.0
2000-12-12,  24.7, 427.2
2000-12-13,  24.8, 436.8
2000-12-14,  24.5, 432.0
2000-12-15,  19.0, 375.6
2000-12-16,  16.6, 343.8
2000-12-17,  22.1, 317.4
2000-12-18,  23.2, 387.4
2000-12-19,  21.5, 369.2
2000-12-20,  18.7, 376.6
2000-12-21,  20.8, 378.3
2000-12-22,  22.4, 384.2
2000-12-23,  18.3, 343.8
2000-12-24,  20.0, 315.3
2000-12-25,  24.9, 424.0
2000-12-26,  27.2, 480.9
2000-12-27,  23.7, 413.1
2000-12-28,  22.2, 382.6
2000-12-29,  23.6, 410.0
2000-12-30,  21.5, 343.8
2000-12-31,  23.8, 353.9
2001-01-01,  26.1, 449.7
2001-01-02,  28.0, 498.0
2001-01-03,  27.6, 496.9
2001-01-04,  28.4, 515.7
2001-01-05,  29.5, 536.7
2001-01-06,  27.4, 459.8
2001-01-07,  26.3, 407.6
2001-01-08,  23.2, 387.4
2001-01-09,  23.3, 397.1
2001-01-10,  20.4, 376.6
2001-01-11,  18.8, 378.3
2001-01-12,  20.5, 375.6
2001-01-13,  22.2, 348.1
2001-01-14,  23.7, 351.8
2001-01-15,  23.6, 396.0
2001-01-16,  25.9, 452.9
2001-01-17,  27.1, 486.2
2001-01-18,  23.6, 412.6
2001-01-19,  19.9, 375.6
2001-01-20,  20.5, 343.8
2001-01-21,  22.1, 317.4
2001-01-22,  24.1, 406.8
2001-01-23,  25.5, 444.4
2001-01-24,  26.3, 469.0
2001-01-25,  25.5, 453.4
2001-01-26,  25.3, 446.5
2001-01-27,  23.4, 373.9
2001-01-28,  23.4, 345.3
2001-01-29,  21.7, 361.7
2001-01-30,  22.9, 388.5
2001-01-31,  23.3, 404.5
2001-02-01,  22.6, 391.2
2001-02-02,  24.3, 425.0
2001-02-03,  20.4, 343.8
2001-02-04,  22.3, 321.7
2001-02-05,  24.0, 404.6
2001-02-06,  25.1, 435.8
2001-02-07,  25.6, 454.0
2001-02-08,  26.4, 472.8
2001-02-09,  26.9, 480.9
2001-02-10,  23.1, 367.5
2001-02-11,  18.6, 315.3
2001-02-12,  19.9, 361.7
2001-02-13,  20.7, 369.2
2001-02-14,  22.8, 393.8
2001-02-15,  23.2, 404.0
2001-02-16,  24.1, 420.7
2001-02-17,  24.3, 393.2
2001-02-18,  24.4, 366.8
2001-02-19,  25.3, 432.5
2001-02-20,  26.7, 470.1
2001-02-21,  27.6, 496.9
2001-02-22,  24.4, 429.8
2001-02-23,  27.2, 487.3
2001-02-24,  25.0, 408.3
2001-02-25,  24.6, 371.1
2001-02-26,  23.6, 396.0
2001-02-27,  25.7, 448.6
2001-02-28,  27.5, 494.8
2001-03-01,  25.9, 462.0
2001-03-02,  24.8, 435.8
2001-03-03,  26.7, 444.8
2001-03-04,  28.5, 454.9
2001-03-05,  25.1, 428.2
2001-03-06,  23.3, 397.1
2001-03-07,  22.6, 389.5
2001-03-08,  23.6, 412.6
2001-03-09,  24.6, 431.5
2001-03-10,  24.8, 404.0
2001-03-11,  22.5, 326.0
2001-03-12,  23.9, 402.5
2001-03-13,  24.6, 425.0
2001-03-14,  24.5, 430.3
2001-03-15,  25.7, 457.7
2001-03-16,  24.6, 431.5
2001-03-17,  25.4, 416.9
2001-03-18,  24.1, 360.4
2001-03-19,  18.1, 361.7
2001-03-20,  18.1, 369.2
2001-03-21,  18.7, 376.6
2001-03-22,  21.0, 378.3
2001-03-23,  20.3, 375.6
2001-03-24,  20.8, 343.8
2001-03-25,  18.2, 315.3
2001-03-26,  18.4, 361.7
2001-03-27,  17.1, 369.2
2001-03-28,  17.5, 376.6
2001-03-29,  19.3, 378.3
2001-03-30,  18.2, 375.6
2001-03-31,  18.8, 343.8
2001-04-01,  20.3, 315.3
2001-04-02,  21.2, 361.7
2001-04-03,  17.4, 369.2
2001-04-04,  16.9, 376.6
2001-04-05,  17.3, 378.3
2001-04-06,  16.1, 375.6
2001-04-07,  17.4, 343.8
2001-04-08,  19.5, 315.3
2001-04-09,  18.7, 361.7
2001-04-10,  18.9, 369.2
2001-04-11,  20.5, 376.6
2001-04-12,  21.1, 378.3
2001-04-13,  21.6, 375.6
2001-04-14,  22.1, 346.0
2001-04-15,  17.8, 315.3
2001-04-16,  19.2, 361.7
2001-04-17,  21.5, 369.2
2001-04-18,  22.8, 393.8
2001-04-19,  17.2, 378.3
2001-04-20,  16.1, 375.6
2001-04-21,  14.2, 354.3
2001-04-22,  14.2, 325.7
2001-04-23,  14.7, 368.1
2001-04-24,  11.8, 398.8
2001-04-25,  13.4, 393.5
2001-04-26,  14.4, 387.1
2001-04-27,  14.2, 386.0
2001-04-28,  12.3, 369.5
2001-04-29,  10.7, 353.8
2001-04-30,  13.2, 380.1
2001-05-01,  13.7, 383.6
2001-05-02,  12.3, 402.3
2001-05-03,  10.5, 418.4
2001-05-04,   9.4, 424.5
2001-05-05,  10.3, 385.5
2001-05-06,  12.5, 339.3
2001-05-07,  13.7, 376.1
2001-05-08,  14.0, 381.2
2001-05-09,  13.4, 393.5
2001-05-10,  11.9, 407.1
2001-05-11,  10.6, 414.9
2001-05-12,   9.0, 395.9
2001-05-13,   9.3, 365.0
2001-05-14,   9.5, 409.8
2001-05-15,  12.0, 397.2
2001-05-16,  11.9, 405.5
2001-05-17,  11.3, 411.9
2001-05-18,  12.0, 403.7
2001-05-19,  12.0, 371.9
2001-05-20,  13.9, 328.1
2001-05-21,  15.3, 363.3
2001-05-22,  15.2, 371.6
2001-05-23,  13.0, 396.7
2001-05-24,  15.0, 382.3
2001-05-25,  16.4, 375.6
2001-05-26,  18.6, 343.8
2001-05-27,  18.6, 315.3
2001-05-28,  18.4, 361.7
2001-05-29,  17.9, 369.2
2001-05-30,  18.3, 376.6
2001-05-31,  16.9, 378.3
2001-06-01,  13.8, 389.2
2001-06-02,  14.8, 349.4
2001-06-03,  14.3, 324.9
2001-06-04,  12.0, 389.7
2001-06-05,  13.6, 384.4
2001-06-06,  10.8, 414.3
2001-06-07,  13.6, 393.5
2001-06-08,  16.0, 375.6
2001-06-09,  17.9, 343.8
2001-06-10,  17.1, 315.3
2001-06-11,  19.8, 361.7
2001-06-12,  18.6, 369.2
2001-06-13,  18.8, 376.6
2001-06-14,  15.2, 380.7
2001-06-15,  12.1, 402.9
2001-06-16,   9.5, 391.9
2001-06-17,   8.1, 374.6
2001-06-18,   7.1, 429.0
2001-06-19,   7.1, 436.5
2001-06-20,   5.8, 454.4
2001-06-21,   7.5, 442.4
2001-06-22,   7.5, 439.8
2001-06-23,   8.0, 404.0
2001-06-24,   8.5, 371.4
2001-06-25,   6.9, 430.6
2001-06-26,   6.9, 438.1
2001-06-27,   7.9, 437.6
2001-06-28,  10.5, 418.4
2001-06-29,  12.1, 402.9
2001-06-30,  12.6, 367.1
2001-07-01,  12.4, 340.1
2001-07-02,   9.0, 413.8
2001-07-03,  13.9, 382.0
2001-07-04,  12.6, 399.9
2001-07-05,   6.8, 448.0
2001-07-06,   8.9, 428.5
2001-07-07,  14.1, 355.1
2001-07-08,  17.6, 315.3
2001-07-09,  15.5, 361.7
2001-07-10,   8.0, 429.3
2001-07-11,   7.4, 441.6
2001-07-12,   6.6, 449.6
2001-07-13,   9.4, 424.5
2001-07-14,   9.6, 391.1
2001-07-15,  10.2, 357.8
2001-07-16,  14.4, 370.5
2001-07-17,  14.7, 375.6
2001-07-18,  13.1, 395.9
2001-07-19,  12.5, 402.3
2001-07-20,  12.1, 402.9
2001-07-21,   8.2, 402.4
2001-07-22,   5.7, 393.8
2001-07-23,   5.9, 438.6
2001-07-24,   7.4, 434.1
2001-07-25,   8.5, 432.7
2001-07-26,   6.5, 450.4
2001-07-27,   5.6, 455.0
2001-07-28,   5.7, 422.4
2001-07-29,   9.0, 367.4
2001-07-30,  12.1, 388.9
2001-07-31,  14.2, 379.6
2001-08-01,  15.6, 376.6
2001-08-02,  20.0, 378.3
2001-08-03,  19.2, 375.6
2001-08-04,  15.1, 347.0
2001-08-05,  18.2, 315.3
2001-08-06,  12.1, 388.9
2001-08-07,  10.9, 406.1
2001-08-08,  12.0, 404.7
2001-08-09,  11.7, 408.7
2001-08-10,  12.9, 396.5
2001-08-11,  15.8, 343.8
2001-08-12,  17.5, 315.3
2001-08-13,  16.5, 361.7
2001-08-14,  16.4, 369.2
2001-08-15,  12.0, 404.7
2001-08-16,  11.4, 411.1
2001-08-17,  11.9, 404.5
2001-08-18,  12.4, 368.7
2001-08-19,  11.5, 347.3
2001-08-20,  10.4, 402.6
2001-08-21,  11.9, 398.0
2001-08-22,  12.6, 399.9
2001-08-23,  12.5, 402.3
2001-08-24,  12.7, 398.1
2001-08-25,  15.6, 343.8
2001-08-26,  17.9, 315.3
2001-08-27,  13.4, 378.5
2001-08-28,  11.5, 401.2
2001-08-29,  14.1, 387.9
2001-08-30,  14.8, 383.9
2001-08-31,  13.0, 395.7
2001-09-01,  12.0, 371.9
2001-09-02,  12.2, 341.7
2001-09-03,  11.7, 392.1
2001-09-04,  11.1, 404.5
2001-09-05,   9.6, 423.9
2001-09-06,  12.9, 399.1
2001-09-07,  14.4, 384.4
2001-09-08,  11.6, 375.1
2001-09-09,  11.7, 345.7
2001-09-10,  11.8, 391.3
2001-09-11,  10.9, 406.1
2001-09-12,  12.2, 403.1
2001-09-13,  13.2, 396.7
2001-09-14,  10.6, 414.9
2001-09-15,   9.5, 391.9
2001-09-16,   7.0, 383.4
2001-09-17,   9.3, 411.4
2001-09-18,  12.7, 391.6
2001-09-19,  14.9, 381.4
2001-09-20,  17.0, 378.3
2001-09-21,  16.5, 375.6
2001-09-22,  18.7, 343.8
2001-09-23,  19.4, 315.3
2001-09-24,  19.4, 361.7
2001-09-25,  13.2, 387.6
2001-09-26,  12.4, 401.5
2001-09-27,  13.5, 394.3
2001-09-28,  15.5, 375.6
2001-09-29,  16.7, 343.8
2001-09-30,  16.1, 315.3
2001-10-01,  15.8, 361.7
2001-10-02,  14.9, 374.0
2001-10-03,  15.0, 380.6
2001-10-04,  15.6, 378.3
2001-10-05,  15.6, 375.6
2001-10-06,  16.2, 343.8
2001-10-07,  17.7, 315.3
2001-10-08,  16.5, 361.7
2001-10-09,  15.3, 370.8
2001-10-10,  15.9, 376.6
2001-10-11,  12.9, 399.1
2001-10-12,  14.1, 386.8
2001-10-13,  16.0, 343.8
2001-10-14,  17.2, 315.3
2001-10-15,  16.5, 361.7
2001-10-16,  15.4, 370.0
2001-10-17,  17.2, 376.6
2001-10-18,  18.6, 378.3
2001-10-19,  18.7, 375.6
2001-10-20,  18.5, 343.8
2001-10-21,  13.4, 332.1
2001-10-22,  14.1, 372.9
2001-10-23,  17.7, 369.2
2001-10-24,  20.1, 376.6
2001-10-25,  19.8, 378.3
2001-10-26,  21.7, 375.6
2001-10-27,  20.0, 343.8
2001-10-28,  19.2, 315.3
2001-10-29,  17.8, 361.7
2001-10-30,  16.1, 369.2
2001-10-31,  17.1, 376.6
2001-11-01,  18.2, 378.3
2001-11-02,  16.8, 375.6
2001-11-03,  17.7, 343.8
2001-11-04,  18.3, 315.3
2001-11-05,  19.9, 361.7
2001-11-06,  17.8, 369.2
2001-11-07,  15.9, 376.6
2001-11-08,  14.5, 386.3
2001-11-09,  18.1, 375.6
2001-11-10,  19.4, 343.8
2001-11-11,  18.9, 315.3
2001-11-12,  18.1, 361.7
2001-11-13,  18.2, 369.2
2001-11-14,  18.4, 376.6
2001-11-15,  17.8, 378.3
2001-11-16,  14.8, 381.2
2001-11-17,  17.7, 343.8
2001-11-18,  22.1, 317.4
2001-11-19,  23.5, 393.9
2001-11-20,  22.1, 371.3
2001-11-21,  20.9, 376.6
2001-11-22,  20.8, 378.3
2001-11-23,  22.0, 375.6
2001-11-24,  15.6, 343.8
2001-11-25,  15.4, 316.1
2001-11-26,  18.8, 361.7
2001-11-27,  18.6, 369.2
2001-11-28,  17.8, 376.6
2001-11-29,  16.2, 378.3
2001-11-30,  15.1, 378.8
2001-12-01,  17.0, 343.8
2001-12-02,  14.4, 324.1
2001-12-03,  14.9, 366.5
2001-12-04,  17.6, 369.2
2001-12-05,  19.9, 376.6
2001-12-06,  20.5, 378.3
2001-12-07,  21.2, 375.6
2001-12-08,  14.7, 350.2
2001-12-09,  15.7, 315.3
2001-12-10,  18.9, 361.7
2001-12-11,  22.1, 371.3
2001-12-12,  22.7, 391.7
2001-12-13,  22.1, 380.4
2001-12-14,  22.1, 377.8
2001-12-15,  20.4, 343.8
2001-12-16,  20.2, 315.3
2001-12-17,  21.6, 361.7
2001-12-18,  19.9, 369.2
2001-12-19,  25.8, 458.2
2001-12-20,  23.4, 408.3
2001-12-21,  21.2, 375.6
2001-12-22,  19.2, 343.8
2001-12-23,  22.5, 326.0
2001-12-24,  24.0, 404.6
2001-12-25,  23.8, 407.8
2001-12-26,  25.4, 449.7
2001-12-27,  26.7, 479.2
2001-12-28,  26.2, 465.8
2001-12-29,  25.3, 414.7
2001-12-30,  24.6, 371.1
2001-12-31,  22.5, 372.4
2002-01-01,  22.5, 379.9
2002-01-02,  22.8, 393.8
2002-01-03,  22.9, 397.6
2002-01-04,  21.2, 375.6
2002-01-05,  17.9, 343.8
2002-01-06,  19.8, 315.3
2002-01-07,  20.9, 361.7
2002-01-08,  23.2, 394.9
2002-01-09,  23.5, 408.8
2002-01-10,  23.1, 401.9
2002-01-11,  24.4, 427.2
2002-01-12,  25.7, 423.3
2002-01-13,  26.2, 405.5
2002-01-14,  19.9, 361.7
2002-01-15,  19.9, 369.2
2002-01-16,  21.3, 376.6
2002-01-17,  21.1, 378.3
2002-01-18,  21.9, 375.6
2002-01-19,  22.4, 352.4
2002-01-20,  23.2, 341.0
2002-01-21,  21.0, 361.7
2002-01-22,  23.2, 394.9
2002-01-23,  26.1, 464.7
2002-01-24,  26.5, 474.9
2002-01-25,  25.1, 442.2
2002-01-26,  24.2, 391.1
2002-01-27,  23.5, 347.5
2002-01-28,  26.2, 451.9
2002-01-29,  24.1, 414.3
2002-01-30,  24.3, 426.0
2002-01-31,  24.5, 432.0
2002-02-01,  20.8, 375.6
2002-02-02,  18.8, 343.8
2002-02-03,  20.8, 315.3
2002-02-04,  21.4, 361.7
2002-02-05,  18.0, 369.2
2002-02-06,  18.8, 376.6
2002-02-07,  21.2, 378.3
2002-02-08,  21.5, 375.6
2002-02-09,  20.2, 343.8
2002-02-10,  22.4, 323.9
2002-02-11,  23.2, 387.4
2002-02-12,  23.0, 390.7
2002-02-13,  23.7, 413.1
2002-02-14,  24.4, 429.8
2002-02-15,  21.3, 375.6
2002-02-16,  19.3, 343.8
2002-02-17,  20.2, 315.3
2002-02-18,  20.9, 361.7
2002-02-19,  20.9, 369.2
2002-02-20,  20.7, 376.6
2002-02-21,  21.3, 378.3
2002-02-22,  21.9, 375.6
2002-02-23,  20.3, 343.8
2002-02-24,  18.4, 315.3
2002-02-25,  23.4, 391.7
2002-02-26,  26.9, 474.4
2002-02-27,  28.1, 507.7
2002-02-28,  24.1, 423.4
2002-03-01,  18.6, 375.6
2002-03-02,  19.7, 343.8
2002-03-03,  22.9, 334.6
2002-03-04,  24.6, 417.5
2002-03-05,  19.4, 369.2
2002-03-06,  21.8, 376.6
2002-03-07,  24.8, 438.4
2002-03-08,  24.8, 435.8
2002-03-09,  24.8, 404.0
2002-03-10,  24.6, 371.1
2002-03-11,  21.3, 361.7
2002-03-12,  22.0, 369.2
2002-03-13,  23.0, 398.1
2002-03-14,  24.4, 429.8
2002-03-15,  26.6, 474.4
2002-03-16,  22.5, 354.6
2002-03-17,  21.6, 315.3
2002-03-18,  19.8, 361.7
2002-03-19,  18.8, 369.2
2002-03-20,  17.3, 376.6
2002-03-21,  19.5, 378.3
2002-03-22,  20.7, 375.6
2002-03-23,  21.4, 343.8
2002-03-24,  21.6, 315.3
2002-03-25,  18.4, 361.7
2002-03-26,  17.5, 369.2
2002-03-27,  17.8, 376.6
2002-03-28,  18.7, 378.3
2002-03-29,  21.4, 375.6
2002-03-30,  18.2, 343.8
2002-03-31,  13.7, 329.7
2002-04-01,  12.3, 387.3
2002-04-02,  14.3, 378.8
2002-04-03,  17.5, 376.6
2002-04-04,  17.9, 378.3
2002-04-05,  19.6, 375.6
2002-04-06,  21.0, 343.8
2002-04-07,  21.6, 315.3
2002-04-08,  21.8, 361.7
2002-04-09,  20.3, 369.2
2002-04-10,  18.6, 376.6
2002-04-11,  17.2, 378.3
2002-04-12,  13.9, 388.4
2002-04-13,  14.3, 353.4
2002-04-14,  15.4, 316.1
2002-04-15,  17.1, 361.7
2002-04-16,  17.8, 369.2
2002-04-17,  18.3, 376.6
2002-04-18,  15.8, 378.3
2002-04-19,  18.0, 375.6
2002-04-20,  13.3, 361.5
2002-04-21,  11.2, 349.7
2002-04-22,  13.9, 374.5
2002-04-23,  15.5, 369.2
2002-04-24,  13.7, 391.1
2002-04-25,  13.9, 391.1
2002-04-26,  13.4, 392.5
2002-04-27,  11.7, 374.3
2002-04-28,  13.7, 329.7
2002-04-29,  15.4, 362.5
2002-04-30,  14.5, 377.2
2002-05-01,  13.9, 389.5
2002-05-02,  16.2, 378.3
2002-05-03,  16.3, 375.6
2002-05-04,  15.5, 343.8
2002-05-05,  15.1, 318.5
2002-05-06,  14.4, 370.5
2002-05-07,  16.0, 369.2
2002-05-08,  14.3, 386.2
2002-05-09,  13.9, 391.1
2002-05-10,  17.0, 375.6
2002-05-11,  18.8, 343.8
2002-05-12,  19.9, 315.3
2002-05-13,  19.7, 361.7
2002-05-14,  22.3, 375.6
2002-05-15,  16.1, 376.6
2002-05-16,  15.8, 378.3
2002-05-17,  16.7, 375.6
2002-05-18,  15.3, 345.4
2002-05-19,  11.5, 347.3
2002-05-20,  11.4, 394.5
2002-05-21,  10.8, 406.9
2002-05-22,  12.4, 401.5
2002-05-23,  14.5, 386.3
2002-05-24,  16.8, 375.6
2002-05-25,  17.5, 343.8
2002-05-26,  17.9, 315.3
2002-05-27,  17.8, 361.7
2002-05-28,  13.5, 385.2
2002-05-29,  11.9, 405.5
2002-05-30,   9.9, 423.2
2002-05-31,  10.8, 413.3
2002-06-01,  15.3, 345.4
2002-06-02,  14.8, 320.9
2002-06-03,  17.2, 361.7
2002-06-04,  16.9, 369.2
2002-06-05,  13.5, 392.7
2002-06-06,  11.2, 412.7
2002-06-07,  12.6, 398.9
2002-06-08,  10.8, 381.5
2002-06-09,  11.2, 349.7
2002-06-10,   5.6, 441.0
2002-06-11,   6.2, 443.7
2002-06-12,   0.3, 498.5
2002-06-13,   6.0, 454.4
2002-06-14,   6.7, 446.2
2002-06-15,   8.0, 404.0
2002-06-16,   8.3, 373.0
2002-06-17,   9.7, 408.2
2002-06-18,   9.3, 418.9
2002-06-19,  10.7, 415.1
2002-06-20,  11.2, 412.7
2002-06-21,   6.6, 447.0
2002-06-22,   4.2, 434.4
2002-06-23,   4.2, 405.9
2002-06-24,   0.1, 485.1
2002-06-25,   6.4, 442.1
2002-06-26,   8.5, 432.7
2002-06-27,  11.6, 409.5
2002-06-28,  10.7, 414.1
2002-06-29,  11.0, 379.9
2002-06-30,   7.8, 377.0
2002-07-01,   8.0, 421.8
2002-07-02,  10.0, 413.3
2002-07-03,  10.2, 419.1
2002-07-04,   9.4, 427.2
2002-07-05,   9.2, 426.1
2002-07-06,   6.9, 412.8
2002-07-07,   7.4, 380.2
2002-07-08,   6.2, 436.2
2002-07-09,   5.6, 448.5
2002-07-10,   6.2, 451.2
2002-07-11,   8.5, 434.4
2002-07-12,  10.0, 419.7
2002-07-13,  10.7, 382.3
2002-07-14,  13.1, 334.5
2002-07-15,  12.1, 388.9
2002-07-16,  11.0, 405.3
2002-07-17,   8.7, 431.1
2002-07-18,  10.0, 422.4
2002-07-19,  11.7, 406.1
2002-07-20,  15.3, 345.4
2002-07-21,  15.4, 316.1
2002-07-22,  11.9, 390.5
2002-07-23,   9.6, 416.5
2002-07-24,  11.5, 408.7
2002-07-25,   9.2, 428.8
2002-07-26,   8.4, 432.5
2002-07-27,   8.3, 401.6
2002-07-28,   7.7, 377.8
2002-07-29,  10.7, 400.1
2002-07-30,  12.8, 390.8
2002-07-31,   9.0, 428.7
2002-08-01,   7.9, 439.2
2002-08-02,   8.0, 435.8
2002-08-03,   8.2, 402.4
2002-08-04,  11.3, 348.9
2002-08-05,   7.8, 423.4
2002-08-06,   8.2, 427.7
2002-08-07,   9.7, 423.1
2002-08-08,  12.3, 403.9
2002-08-09,  11.6, 406.9
2002-08-10,  13.6, 359.1
2002-08-11,  13.2, 333.7
2002-08-12,  10.7, 400.1
2002-08-13,  10.9, 406.1
2002-08-14,   7.7, 439.2
2002-08-15,   9.9, 423.2
2002-08-16,  12.2, 402.1
2002-08-17,  17.5, 343.8
2002-08-18,  18.6, 315.3
2002-08-19,  15.6, 361.7
2002-08-20,  11.6, 400.4
2002-08-21,  11.1, 411.9
2002-08-22,  12.1, 405.5
2002-08-23,  15.0, 379.6
2002-08-24,  20.2, 343.8
2002-08-25,  23.0, 336.7
2002-08-26,  21.7, 361.7
2002-08-27,  23.0, 390.7
2002-08-28,  19.3, 376.6
2002-08-29,  12.5, 402.3
2002-08-30,   8.7, 430.1
2002-08-31,   7.2, 410.4
2002-09-01,   6.7, 385.8
2002-09-02,   8.2, 420.2
2002-09-03,  10.5, 409.3
2002-09-04,  13.1, 395.9
2002-09-05,  13.7, 392.7
2002-09-06,  11.0, 411.7
2002-09-07,   9.4, 392.7
2002-09-08,  10.4, 356.2
2002-09-09,  11.9, 390.5
2002-09-10,  14.1, 380.4
2002-09-11,  14.5, 384.6
2002-09-12,  12.3, 403.9
2002-09-13,  11.4, 408.5
2002-09-14,  11.4, 376.7
2002-09-15,  11.6, 346.5
2002-09-16,  13.3, 379.3
2002-09-17,  18.0, 369.2
2002-09-18,  16.8, 376.6
2002-09-19,  12.1, 405.5
2002-09-20,  12.1, 402.9
2002-09-21,  12.8, 365.5
2002-09-22,  13.7, 329.7
2002-09-23,  11.8, 391.3
2002-09-24,  16.2, 369.2
2002-09-25,  18.1, 376.6
2002-09-26,  16.0, 378.3
2002-09-27,  18.5, 375.6
2002-09-28,  19.4, 343.8
2002-09-29,  16.3, 315.3
2002-09-30,  16.6, 361.7
2002-10-01,  17.4, 369.2
2002-10-02,  17.2, 376.6
2002-10-03,  14.6, 385.5
2002-10-04,  15.8, 375.6
2002-10-05,  17.1, 343.8
2002-10-06,  21.3, 315.3
2002-10-07,  17.1, 361.7
2002-10-08,  17.9, 369.2
2002-10-09,  20.3, 376.6
2002-10-10,  19.6, 378.3
2002-10-11,  20.7, 375.6
2002-10-12,  23.0, 365.3
2002-10-13,  24.8, 375.4
2002-10-14,  24.0, 404.6
2002-10-15,  18.3, 369.2
2002-10-16,  15.6, 376.6
2002-10-17,  16.3, 378.3
2002-10-18,  18.2, 375.6
2002-10-19,  17.9, 343.8
2002-10-20,  14.8, 320.9
2002-10-21,  10.1, 405.0
2002-10-22,  14.7, 375.6
2002-10-23,  16.5, 376.6
2002-10-24,  19.0, 378.3
2002-10-25,  19.1, 375.6
2002-10-26,  20.1, 343.8
2002-10-27,  19.0, 315.3
2002-10-28,  18.0, 361.7
2002-10-29,  14.5, 377.2
2002-10-30,  15.8, 376.6
2002-10-31,  18.1, 378.3
2002-11-01,  19.6, 375.6
2002-11-02,  20.5, 343.8
2002-11-03,  18.4, 315.3
2002-11-04,  13.4, 378.5
2002-11-05,  14.1, 380.4
2002-11-06,  16.5, 376.6
2002-11-07,  19.4, 378.3
2002-11-08,  19.5, 375.6
2002-11-09,  18.2, 343.8
2002-11-10,  12.1, 342.5
2002-11-11,  14.9, 366.5
2002-11-12,  19.2, 369.2
2002-11-13,  22.3, 383.1
2002-11-14,  23.2, 404.0
2002-11-15,  20.9, 375.6
2002-11-16,  24.5, 397.5
2002-11-17,  23.7, 351.8
2002-11-18,  22.3, 368.1
2002-11-19,  22.5, 379.9
2002-11-20,  22.2, 380.9
2002-11-21,  18.9, 378.3
2002-11-22,  19.5, 375.6
2002-11-23,  23.0, 365.3
2002-11-24,  24.1, 360.4
2002-11-25,  21.4, 361.7
2002-11-26,  21.9, 369.2
2002-11-27,  19.5, 376.6
2002-11-28,  19.2, 378.3
2002-11-29,  19.7, 375.6
2002-11-30,  21.6, 343.8
2002-12-01,  18.0, 315.3
2002-12-02,  17.9, 361.7
2002-12-03,  21.2, 369.2
2002-12-04,  20.2, 376.6
2002-12-05,  23.0, 399.7
2002-12-06,  24.5, 429.3
2002-12-07,  20.4, 343.8
2002-12-08,  18.2, 315.3
2002-12-09,  19.5, 361.7
2002-12-10,  20.3, 369.2
2002-12-11,  20.8, 376.6
2002-12-12,  21.1, 378.3
2002-12-13,  21.4, 375.6
2002-12-14,  21.6, 343.8
2002-12-15,  23.4, 345.3
2002-12-16,  25.0, 426.1
2002-12-17,  20.6, 369.2
2002-12-18,  22.9, 396.0
2002-12-19,  22.4, 386.9
2002-12-20,  21.1, 375.6
2002-12-21,  22.1, 346.0
2002-12-22,  20.8, 315.3
2002-12-23,  19.0, 361.7
2002-12-24,  19.3, 369.2
2002-12-25,  22.0, 376.6
2002-12-26,  23.5, 410.5
2002-12-27,  25.1, 442.2
2002-12-28,  23.9, 384.6
2002-12-29,  22.0, 315.3
2002-12-30,  19.8, 361.7
2002-12-31,  20.2, 369.2
2003-01-01,  20.5, 376.6
2003-01-02,  20.7, 378.3
2003-01-03,  22.7, 390.7
2003-01-04,  23.7, 380.3
2003-01-05,  24.2, 362.5
2003-01-06,  23.0, 383.1
2003-01-07,  21.1, 369.2
2003-01-08,  23.5, 408.8
2003-01-09,  24.2, 425.5
2003-01-10,  26.5, 472.3
2003-01-11,  23.5, 376.0
2003-01-12,  22.4, 323.9
2003-01-13,  25.5, 436.8
2003-01-14,  27.6, 489.5
2003-01-15,  27.7, 499.1
2003-01-16,  28.1, 509.3
2003-01-17,  27.3, 489.5
2003-01-18,  21.0, 343.8
2003-01-19,  21.6, 315.3
2003-01-20,  23.8, 400.3
2003-01-21,  23.9, 410.0
2003-01-22,  21.3, 376.6
2003-01-23,  19.8, 378.3
2003-01-24,  20.5, 375.6
2003-01-25,  23.9, 384.6
2003-01-26,  25.1, 381.9
2003-01-27,  25.6, 439.0
2003-01-28,  24.8, 429.3
2003-01-29,  26.1, 464.7
2003-01-30,  29.3, 535.1
2003-01-31,  30.3, 553.9
2003-02-01,  26.2, 434.0
2003-02-02,  25.8, 396.9
2003-02-03,  24.1, 406.8
2003-02-04,  24.3, 418.6
2003-02-05,  24.8, 436.8
2003-02-06,  25.4, 451.3
2003-02-07,  22.7, 390.7
2003-02-08,  23.2, 369.6
2003-02-09,  25.9, 399.0
2003-02-10,  24.3, 411.1
2003-02-11,  21.5, 369.2
2003-02-12,  22.4, 385.2
2003-02-13,  21.9, 378.3
2003-02-14,  22.6, 388.5
2003-02-15,  20.8, 343.8
2003-02-16,  16.8, 315.3
2003-02-17,  19.3, 361.7
2003-02-18,  21.8, 369.2
2003-02-19,  18.0, 376.6
2003-02-20,  15.8, 378.3
2003-02-21,  18.9, 375.6
2003-02-22,  19.6, 343.8
2003-02-23,  20.1, 315.3
2003-02-24,  22.0, 361.7
2003-02-25,  23.5, 401.4
2003-02-26,  26.3, 469.0
2003-02-27,  25.5, 453.4
2003-02-28,  22.5, 386.4
2003-03-01,  23.5, 376.0
2003-03-02,  22.5, 326.0
2003-03-03,  23.3, 389.6
2003-03-04,  24.1, 414.3
2003-03-05,  25.0, 441.1
2003-03-06,  25.5, 453.4
2003-03-07,  25.0, 440.1
2003-03-08,  25.2, 412.6
2003-03-09,  25.4, 388.3
2003-03-10,  23.7, 398.2
2003-03-11,  20.0, 369.2
2003-03-12,  16.0, 376.6
2003-03-13,  17.1, 378.3
2003-03-14,  19.4, 375.6
2003-03-15,  20.6, 343.8
2003-03-16,  21.2, 315.3
2003-03-17,  21.9, 361.7
2003-03-18,  22.5, 379.9
2003-03-19,  23.6, 411.0
2003-03-20,  19.1, 378.3
2003-03-21,  16.2, 375.6
2003-03-22,  17.2, 343.8
2003-03-23,  18.8, 315.3
2003-03-24,  20.2, 361.7
2003-03-25,  20.2, 369.2
2003-03-26,  20.6, 376.6
2003-03-27,  22.2, 382.6
2003-03-28,  23.2, 401.4
2003-03-29,  18.9, 343.8
2003-03-30,  16.9, 315.3
2003-03-31,  16.2, 361.7
2003-04-01,  16.4, 369.2
2003-04-02,  15.4, 377.4
2003-04-03,  16.2, 378.3
2003-04-04,  17.7, 375.6
2003-04-05,  16.3, 343.8
2003-04-06,  15.9, 315.3
2003-04-07,  18.2, 361.7
2003-04-08,  19.2, 369.2
2003-04-09,  16.6, 376.6
2003-04-10,  13.5, 394.3
2003-04-11,  13.2, 394.1
2003-04-12,  12.0, 371.9
2003-04-13,  13.6, 330.5
2003-04-14,  15.9, 361.7
2003-04-15,  17.3, 369.2
2003-04-16,  17.6, 376.6
2003-04-17,  17.9, 378.3
2003-04-18,  18.6, 375.6
2003-04-19,  14.8, 349.4
2003-04-20,  16.0, 315.3
2003-04-21,  17.7, 361.7
2003-04-22,  17.4, 369.2
2003-04-23,  18.5, 376.6
2003-04-24,  19.0, 378.3
2003-04-25,  16.4, 375.6
2003-04-26,  15.9, 343.8
2003-04-27,  15.7, 315.3
2003-04-28,  15.0, 365.7
2003-04-29,  15.2, 371.6
2003-04-30,  15.9, 376.6
2003-05-01,  14.8, 383.9
2003-05-02,  13.2, 394.1
2003-05-03,  12.8, 365.5
2003-05-04,  14.2, 325.7
2003-05-05,  13.5, 377.7
2003-05-06,  10.9, 406.1
2003-05-07,  10.9, 413.5
2003-05-08,  11.0, 414.3
2003-05-09,  13.2, 394.1
2003-05-10,  14.9, 348.6
2003-05-11,  16.3, 315.3
2003-05-12,  17.3, 361.7
2003-05-13,  16.6, 369.2
2003-05-14,  18.6, 376.6
2003-05-15,  16.5, 378.3
2003-05-16,  13.8, 389.2
2003-05-17,  12.3, 369.5
2003-05-18,  11.4, 348.1
2003-05-19,  14.5, 369.7
2003-05-20,  15.4, 370.0
2003-05-21,  16.7, 376.6
2003-05-22,  15.5, 378.3
2003-05-23,  13.1, 394.9
2003-05-24,  12.4, 368.7
2003-05-25,  10.4, 356.2
2003-05-26,  11.3, 395.3
2003-05-27,  11.5, 401.2
2003-05-28,  11.4, 409.5
2003-05-29,  14.9, 383.1
2003-05-30,  16.5, 375.6
2003-05-31,  14.3, 353.4
2003-06-01,  14.3, 324.9
2003-06-02,  13.4, 378.5
2003-06-03,   8.5, 425.3
2003-06-04,   9.1, 427.9
2003-06-05,  11.9, 407.1
2003-06-06,  10.5, 415.7
2003-06-07,   7.1, 411.2
2003-06-08,   5.7, 393.8
2003-06-09,   9.5, 409.8
2003-06-10,  12.5, 393.2
2003-06-11,  12.1, 403.9
2003-06-12,  11.1, 413.5
2003-06-13,  10.7, 414.1
2003-06-14,  12.6, 367.1
2003-06-15,  16.0, 315.3
2003-06-16,  10.6, 400.9
2003-06-17,  10.2, 411.7
2003-06-18,  12.0, 404.7
2003-06-19,  14.0, 390.3
2003-06-20,  16.1, 375.6
2003-06-21,  11.9, 372.7
2003-06-22,  12.1, 342.5
2003-06-23,  13.8, 375.3
2003-06-24,  12.4, 394.0
2003-06-25,  12.7, 399.1
2003-06-26,  12.2, 404.7
2003-06-27,  12.8, 397.3
2003-06-28,  12.9, 364.7
2003-06-29,  11.9, 344.1
2003-06-30,  14.1, 372.9
2003-07-01,  14.7, 375.6
2003-07-02,   9.6, 423.9
2003-07-03,  11.9, 407.1
2003-07-04,  11.4, 408.5
2003-07-05,  10.4, 384.7
2003-07-06,   9.3, 365.0
2003-07-07,  10.3, 403.4
2003-07-08,  11.6, 400.4
2003-07-09,   6.4, 449.6
2003-07-10,   6.7, 448.8
2003-07-11,   5.3, 457.4
2003-07-12,   5.6, 423.2
2003-07-13,   7.7, 377.8
2003-07-14,  10.9, 398.5
2003-07-15,  10.0, 413.3
2003-07-16,   8.1, 436.0
2003-07-17,   8.1, 437.6
2003-07-18,   9.7, 422.1
2003-07-19,  12.6, 367.1
2003-07-20,  14.4, 324.1
2003-07-21,   8.7, 416.2
2003-07-22,   7.3, 434.9
2003-07-23,   7.7, 439.2
2003-07-24,   6.7, 448.8
2003-07-25,   7.6, 439.0
2003-07-26,   8.2, 402.4
2003-07-27,  11.5, 347.3
2003-07-28,  13.8, 375.3
2003-07-29,  11.2, 403.6
2003-07-30,  10.2, 419.1
2003-07-31,  10.5, 418.4
2003-08-01,  13.7, 390.0
2003-08-02,  12.6, 367.1
2003-08-03,  11.9, 344.1
2003-08-04,  13.9, 374.5
2003-08-05,  12.1, 396.4
2003-08-06,   9.6, 423.9
2003-08-07,  10.5, 418.4
2003-08-08,   9.9, 420.5
2003-08-09,   8.4, 400.8
2003-08-10,   7.2, 381.8
2003-08-11,   9.3, 411.4
2003-08-12,  11.1, 404.5
2003-08-13,  12.3, 402.3
2003-08-14,  10.7, 416.7
2003-08-15,   9.2, 426.1
2003-08-16,   8.8, 397.5
2003-08-17,  11.4, 348.1
2003-08-18,  14.0, 373.7
2003-08-19,  15.2, 371.6
2003-08-20,  15.0, 380.6
2003-08-21,  15.1, 381.5
2003-08-22,   9.9, 420.5
2003-08-23,   8.4, 400.8
2003-08-24,   8.2, 373.8
2003-08-25,   7.5, 425.8
2003-08-26,   7.4, 434.1
2003-08-27,   7.0, 444.8
2003-08-28,   7.4, 443.2
2003-08-29,   7.1, 443.0
2003-08-30,   8.3, 401.6
2003-08-31,   9.8, 361.0
2003-09-01,  11.2, 396.1
2003-09-02,  12.6, 392.4
2003-09-03,  14.8, 382.2
2003-09-04,  17.5, 378.3
2003-09-05,  20.1, 375.6
2003-09-06,  17.6, 343.8
2003-09-07,  12.4, 340.1
2003-09-08,  11.5, 393.7
2003-09-09,   9.1, 420.5
2003-09-10,   9.1, 427.9
2003-09-11,  12.3, 403.9
2003-09-12,  13.5, 391.7
2003-09-13,   9.2, 394.3
2003-09-14,   8.8, 369.0
2003-09-15,   9.4, 410.6
2003-09-16,   8.2, 427.7
2003-09-17,   9.6, 423.9
2003-09-18,  14.0, 390.3
2003-09-19,  14.6, 382.8
2003-09-20,  11.6, 375.1
2003-09-21,  13.8, 328.9
2003-09-22,  18.6, 361.7
2003-09-23,  16.7, 369.2
2003-09-24,  13.5, 392.7
2003-09-25,  13.1, 397.5
2003-09-26,  14.2, 386.0
2003-09-27,  14.0, 355.9
2003-09-28,  11.2, 349.7
2003-09-29,  12.3, 387.3
2003-09-30,  15.0, 373.2
2003-10-01,  18.0, 376.6
2003-10-02,  15.5, 378.3
2003-10-03,  14.1, 386.8
2003-10-04,  17.7, 343.8
2003-10-05,  18.5, 315.3
2003-10-06,  18.1, 361.7
2003-10-07,  18.7, 369.2
2003-10-08,  19.6, 376.6
2003-10-09,  15.6, 378.3
2003-10-10,   9.3, 425.3
2003-10-11,  11.1, 379.1
2003-10-12,  13.0, 335.3
2003-10-13,  14.5, 369.7
2003-10-14,  17.4, 369.2
2003-10-15,  20.5, 376.6
2003-10-16,  22.0, 378.3
2003-10-17,  19.6, 375.6
2003-10-18,  21.3, 343.8
2003-10-19,  15.9, 315.3
2003-10-20,  16.5, 361.7
2003-10-21,  16.6, 369.2
2003-10-22,  18.2, 376.6
2003-10-23,  20.0, 378.3
2003-10-24,  20.5, 375.6
2003-10-25,  20.2, 343.8
2003-10-26,  18.7, 315.3
2003-10-27,  15.7, 361.7
2003-10-28,  18.3, 369.2
2003-10-29,  20.0, 376.6
2003-10-30,  21.1, 378.3
2003-10-31,  14.3, 385.2
2003-11-01,  14.1, 355.1
2003-11-02,  14.0, 327.3
2003-11-03,  16.6, 361.7
2003-11-04,  18.2, 369.2
2003-11-05,  18.8, 376.6
2003-11-06,  19.9, 378.3
2003-11-07,  22.3, 382.1
2003-11-08,  22.2, 348.1
2003-11-09,  21.7, 315.3
2003-11-10,  22.1, 363.8
2003-11-11,  21.8, 369.2
2003-11-12,  16.2, 376.6
2003-11-13,  13.7, 392.7
2003-11-14,  17.4, 375.6
2003-11-15,  20.1, 343.8
2003-11-16,  19.8, 315.3
2003-11-17,  19.0, 361.7
2003-11-18,  13.9, 382.0
2003-11-19,  18.2, 376.6
2003-11-20,  14.2, 388.7
2003-11-21,  19.4, 375.6
2003-11-22,  23.9, 384.6
2003-11-23,  22.2, 319.6
2003-11-24,  19.0, 361.7
2003-11-25,  20.5, 369.2
2003-11-26,  23.2, 402.4
2003-11-27,  21.6, 378.3
2003-11-28,  19.9, 375.6
2003-11-29,  19.9, 343.8
2003-11-30,  19.5, 315.3
2003-12-01,  20.8, 361.7
2003-12-02,  22.0, 369.2
2003-12-03,  19.9, 376.6
2003-12-04,  15.8, 378.3
2003-12-05,  17.2, 375.6
2003-12-06,  19.5, 343.8
2003-12-07,  19.3, 315.3
2003-12-08,  17.1, 361.7
2003-12-09,  17.2, 369.2
2003-12-10,  21.0, 376.6
2003-12-11,  18.7, 378.3
2003-12-12,  18.1, 375.6
2003-12-13,  20.6, 343.8
2003-12-14,  21.4, 315.3
2003-12-15,  19.1, 361.7
2003-12-16,  16.1, 369.2
2003-12-17,  19.1, 376.6
2003-12-18,  21.6, 378.3
2003-12-19,  24.2, 422.9
2003-12-20,  24.5, 397.5
2003-12-21,  25.3, 386.1
2003-12-22,  20.7, 361.7
2003-12-23,  19.4, 369.2
2003-12-24,  22.2, 380.9
2003-12-25,  23.7, 414.8
2003-12-26,  25.5, 450.8
2003-12-27,  22.1, 346.0
2003-12-28,  18.5, 315.3
2003-12-29,  19.3, 361.7
2003-12-30,  22.1, 371.3
2003-12-31,  17.0, 376.6
2004-01-01,  18.9, 378.3
2004-01-02,  21.3, 375.6
2004-01-03,  23.9, 384.6
2004-01-04,  25.3, 386.1
2004-01-05,  25.3, 432.5
2004-01-06,  26.1, 457.2
2004-01-07,  24.8, 436.8
2004-01-08,  24.8, 438.4
2004-01-09,  25.7, 455.1
2004-01-10,  23.2, 369.6
2004-01-11,  21.5, 315.3
2004-01-12,  22.4, 370.3
2004-01-13,  23.3, 397.1
2004-01-14,  25.4, 449.7
2004-01-15,  19.9, 378.3
2004-01-16,  20.7, 375.6
2004-01-17,  23.1, 367.5
2004-01-18,  24.1, 360.4
2004-01-19,  24.4, 413.2
2004-01-20,  24.7, 427.2
2004-01-21,  25.0, 441.1
2004-01-22,  22.1, 380.4
2004-01-23,  22.7, 390.7
2004-01-24,  23.6, 378.2
2004-01-25,  25.6, 392.6
2004-01-26,  27.9, 488.4
2004-01-27,  28.0, 498.0
2004-01-28,  25.8, 458.2
2004-01-29,  26.8, 481.4
2004-01-30,  27.8, 500.2
2004-01-31,  23.1, 367.5
2004-02-01,  22.7, 330.3
2004-02-02,  23.1, 385.3
2004-02-03,  23.5, 401.4
2004-02-04,  21.7, 376.6
2004-02-05,  20.3, 378.3
2004-02-06,  21.1, 375.6
2004-02-07,  21.5, 343.8
2004-02-08,  23.3, 343.2
2004-02-09,  24.7, 419.7
2004-02-10,  26.2, 459.4
2004-02-11,  26.5, 473.3
2004-02-12,  27.4, 494.3
2004-02-13,  22.3, 382.1
2004-02-14,  19.9, 343.8
2004-02-15,  21.0, 315.3
2004-02-16,  22.5, 372.4
2004-02-17,  21.4, 369.2
2004-02-18,  19.7, 376.6
2004-02-19,  20.1, 378.3
2004-02-20,  18.4, 375.6
2004-02-21,  18.6, 343.8
2004-02-22,  18.9, 315.3
2004-02-23,  19.7, 361.7
2004-02-24,  21.1, 369.2
2004-02-25,  22.8, 393.8
2004-02-26,  24.0, 421.2
2004-02-27,  22.9, 394.9
2004-02-28,  20.0, 343.8
2004-02-29,  21.4, 315.3
2004-03-01,  23.3, 389.6
2004-03-02,  22.5, 379.9
2004-03-03,  21.4, 376.6
2004-03-04,  21.8, 378.3
2004-03-05,  22.9, 394.9
2004-03-06,  24.2, 391.1
2004-03-07,  21.6, 315.3
2004-03-08,  20.2, 361.7
2004-03-09,  21.3, 369.2
2004-03-10,  21.6, 376.6
2004-03-11,  18.7, 378.3
2004-03-12,  20.3, 375.6
2004-03-13,  21.4, 343.8
2004-03-14,  21.8, 315.3
2004-03-15,  21.9, 361.7
2004-03-16,  22.7, 384.2
2004-03-17,  23.4, 406.7
2004-03-18,  22.2, 382.6
2004-03-19,  21.2, 375.6
2004-03-20,  20.9, 343.8
2004-03-21,  21.1, 315.3
2004-03-22,  21.7, 361.7
2004-03-23,  23.3, 397.1
2004-03-24,  24.7, 434.6
2004-03-25,  25.3, 449.1
2004-03-26,  24.5, 429.3
2004-03-27,  23.8, 382.5
2004-03-28,  24.2, 362.5
2004-03-29,  24.6, 417.5
2004-03-30,  24.5, 422.9
2004-03-31,  25.2, 445.4
2004-04-01,  22.1, 380.4
2004-04-02,  24.0, 418.6
2004-04-03,  26.3, 436.2
2004-04-04,  26.2, 405.5
2004-04-05,  25.5, 436.8
2004-04-06,  24.6, 425.0
2004-04-07,  23.6, 411.0
2004-04-08,  20.6, 378.3
2004-04-09,  18.6, 375.6
2004-04-10,  19.1, 343.8
2004-04-11,  20.6, 315.3
2004-04-12,  22.5, 372.4
2004-04-13,  26.1, 457.2
2004-04-14,  17.5, 376.6
2004-04-15,  17.8, 378.3
2004-04-16,  16.9, 375.6
2004-04-17,  16.8, 343.8
2004-04-18,  17.0, 315.3
2004-04-19,  13.9, 374.5
2004-04-20,  13.0, 389.2
2004-04-21,  16.3, 376.6
2004-04-22,  18.6, 378.3
2004-04-23,  15.5, 375.6
2004-04-24,  12.5, 367.9
2004-04-25,  12.6, 338.5
2004-04-26,  14.1, 372.9
2004-04-27,  15.0, 373.2
2004-04-28,  16.6, 376.6
2004-04-29,  17.6, 378.3
2004-04-30,  12.7, 398.1
2004-05-01,  12.8, 365.5
2004-05-02,  13.8, 328.9
2004-05-03,  13.1, 380.9
2004-05-04,  14.0, 381.2
2004-05-05,  13.4, 393.5
2004-05-06,  13.9, 391.1
2004-05-07,  13.6, 390.9
2004-05-08,  14.0, 355.9
2004-05-09,  16.1, 315.3
2004-05-10,  15.8, 361.7
2004-05-11,  16.1, 369.2
2004-05-12,  15.3, 378.2
2004-05-13,  11.9, 407.1
2004-05-14,   9.5, 423.7
2004-05-15,   8.9, 396.7
2004-05-16,   9.8, 361.0
2004-05-17,   9.8, 407.4
2004-05-18,   8.7, 423.7
2004-05-19,   8.4, 433.6
2004-05-20,   9.6, 425.6
2004-05-21,  12.6, 398.9
2004-05-22,  13.7, 358.3
2004-05-23,  13.8, 328.9
2004-05-24,  13.8, 375.3
2004-05-25,  13.7, 383.6
2004-05-26,  11.5, 408.7
2004-05-27,   8.8, 432.0
2004-05-28,   9.1, 426.9
2004-05-29,  10.2, 386.3
2004-05-30,   9.2, 365.8
2004-05-31,  11.3, 395.3
2004-06-01,  10.7, 407.7
2004-06-02,  11.7, 407.1
2004-06-03,  13.1, 397.5
2004-06-04,  14.1, 386.8
2004-06-05,  13.9, 356.7
2004-06-06,  10.3, 357.0
2004-06-07,   8.1, 421.0
2004-06-08,  11.3, 402.8
2004-06-09,  14.1, 387.9
2004-06-10,  11.9, 407.1
2004-06-11,   8.6, 430.9
2004-06-12,   8.3, 401.6
2004-06-13,   8.9, 368.2
2004-06-14,   9.9, 406.6
2004-06-15,  10.5, 409.3
2004-06-16,  13.0, 396.7
2004-06-17,  11.5, 410.3
2004-06-18,  10.6, 414.9
2004-06-19,  16.8, 343.8
2004-06-20,  18.6, 315.3
2004-06-21,  12.4, 386.5
2004-06-22,  10.7, 407.7
2004-06-23,  12.5, 400.7
2004-06-24,   9.2, 428.8
2004-06-25,  11.8, 405.3
2004-06-26,  12.7, 366.3
2004-06-27,  10.3, 357.0
2004-06-28,  13.2, 380.1
2004-06-29,  16.3, 369.2
2004-06-30,  12.2, 403.1
2004-07-01,  11.1, 413.5
2004-07-02,  14.6, 382.8
2004-07-03,  10.7, 382.3
2004-07-04,  10.5, 355.4
2004-07-05,  10.7, 400.1
2004-07-06,  13.3, 386.8
2004-07-07,   9.9, 421.5
2004-07-08,   6.5, 450.4
2004-07-09,   7.1, 443.0
2004-07-10,   5.1, 427.2
2004-07-11,   0.5, 435.5
2004-07-12,   8.2, 420.2
2004-07-13,  10.7, 407.7
2004-07-14,  10.0, 420.7
2004-07-15,   6.9, 447.2
2004-07-16,   6.8, 445.4
2004-07-17,   5.9, 420.8
2004-07-18,   6.9, 384.2
2004-07-19,  10.3, 403.4
2004-07-20,  12.8, 390.8
2004-07-21,  13.9, 389.5
2004-07-22,  14.8, 383.9
2004-07-23,  15.3, 377.2
2004-07-24,  15.3, 345.4
2004-07-25,  16.2, 315.3
2004-07-26,  16.6, 361.7
2004-07-27,  15.8, 369.2
2004-07-28,  13.9, 389.5
2004-07-29,  10.9, 415.1
2004-07-30,   8.8, 429.3
2004-07-31,   8.6, 399.1
2004-08-01,  12.7, 337.7
2004-08-02,  15.1, 364.9
2004-08-03,  17.2, 369.2
2004-08-04,  16.3, 376.6
2004-08-05,  10.1, 421.6
2004-08-06,   7.7, 438.2
2004-08-07,   6.8, 413.6
2004-08-08,   5.9, 392.2
2004-08-09,   8.7, 416.2
2004-08-10,  10.5, 409.3
2004-08-11,  12.3, 402.3
2004-08-12,  13.9, 391.1
2004-08-13,  17.2, 375.6
2004-08-14,  19.5, 343.8
2004-08-15,  18.6, 315.3
2004-08-16,  14.8, 367.3
2004-08-17,  11.3, 402.8
2004-08-18,   9.9, 421.5
2004-08-19,  10.5, 418.4
2004-08-20,  11.3, 409.3
2004-08-21,   7.7, 406.4
2004-08-22,   8.6, 370.6
2004-08-23,  10.6, 400.9
2004-08-24,  13.1, 388.4
2004-08-25,  11.9, 405.5
2004-08-26,  11.0, 414.3
2004-08-27,  13.6, 390.9
2004-08-28,  13.7, 358.3
2004-08-29,  16.7, 315.3
2004-08-30,  13.2, 380.1
2004-08-31,  14.7, 375.6
2004-09-01,  15.7, 376.6
2004-09-02,  15.2, 380.7
2004-09-03,  15.3, 377.2
2004-09-04,  20.0, 343.8
2004-09-05,  17.5, 315.3
2004-09-06,  16.9, 361.7
2004-09-07,  12.9, 390.0
2004-09-08,  11.0, 412.7
2004-09-09,   9.9, 423.2
2004-09-10,  11.0, 411.7
2004-09-11,   9.9, 388.7
2004-09-12,   9.8, 361.0
2004-09-13,  12.2, 388.1
2004-09-14,  15.3, 370.8
2004-09-15,  11.6, 407.9
2004-09-16,  12.1, 405.5
2004-09-17,  14.9, 380.4
2004-09-18,  18.5, 343.8
2004-09-19,  14.7, 321.7
2004-09-20,  11.0, 397.7
2004-09-21,  13.1, 388.4
2004-09-22,  13.9, 389.5
2004-09-23,  14.9, 383.1
2004-09-24,  16.8, 375.6
2004-09-25,  16.1, 343.8
2004-09-26,  18.1, 315.3
2004-09-27,  17.0, 361.7
2004-09-28,  16.9, 369.2
2004-09-29,  12.3, 402.3
2004-09-30,  12.3, 403.9
2004-10-01,  16.7, 375.6
2004-10-02,  14.0, 355.9
2004-10-03,  13.3, 332.9
2004-10-04,  14.1, 372.9
2004-10-05,  14.6, 376.4
2004-10-06,  15.0, 380.6
2004-10-07,  16.4, 378.3
2004-10-08,  15.8, 375.6
2004-10-09,  16.4, 343.8
2004-10-10,  15.2, 317.7
2004-10-11,  13.5, 377.7
2004-10-12,  15.1, 372.4
2004-10-13,  13.2, 395.1
2004-10-14,  14.5, 386.3
2004-10-15,  17.5, 375.6
2004-10-16,  18.4, 343.8
2004-10-17,  16.6, 315.3
2004-10-18,  15.9, 361.7
2004-10-19,  14.8, 374.8
2004-10-20,  16.0, 376.6
2004-10-21,  17.7, 378.3
2004-10-22,  19.0, 375.6
2004-10-23,  16.6, 343.8
2004-10-24,  14.2, 325.7
2004-10-25,  16.0, 361.7
2004-10-26,  15.4, 370.0
2004-10-27,  14.6, 383.8
2004-10-28,  18.5, 378.3
2004-10-29,  19.4, 375.6
2004-10-30,  18.1, 343.8
2004-10-31,  18.5, 315.3
2004-11-01,  22.0, 361.7
2004-11-02,  22.5, 379.9
2004-11-03,  19.7, 376.6
2004-11-04,  16.7, 378.3
2004-11-05,  12.2, 402.1
2004-11-06,  12.6, 367.1
2004-11-07,  15.6, 315.3
2004-11-08,  18.3, 361.7
2004-11-09,  18.9, 369.2
2004-11-10,  17.7, 376.6
2004-11-11,  15.1, 381.5
2004-11-12,  13.7, 390.0
2004-11-13,  15.5, 343.8
2004-11-14,  16.9, 315.3
2004-11-15,  17.7, 361.7
2004-11-16,  17.6, 369.2
2004-11-17,  15.7, 376.6
2004-11-18,  15.6, 378.3
2004-11-19,  15.5, 375.6
2004-11-20,  16.7, 343.8
2004-11-21,  19.4, 315.3
2004-11-22,  20.7, 361.7
2004-11-23,  21.0, 369.2
2004-11-24,  20.3, 376.6
2004-11-25,  20.9, 378.3
2004-11-26,  21.2, 375.6
2004-11-27,  21.0, 343.8
2004-11-28,  20.7, 315.3
2004-11-29,  22.0, 361.7
2004-11-30,  23.4, 399.2
2004-12-01,  23.2, 402.4
2004-12-02,  25.0, 442.7
2004-12-03,  25.0, 440.1
2004-12-04,  21.6, 343.8
2004-12-05,  22.5, 326.0
2004-12-06,  22.2, 366.0
2004-12-07,  22.3, 375.6
2004-12-08,  21.6, 376.6
2004-12-09,  19.8, 378.3
2004-12-10,  20.2, 375.6
2004-12-11,  20.8, 343.8
2004-12-12,  22.4, 323.9
2004-12-13,  22.8, 378.8
2004-12-14,  24.8, 429.3
2004-12-15,  23.5, 408.8
2004-12-16,  21.2, 378.3
2004-12-17,  21.8, 375.6
2004-12-18,  22.2, 348.1
2004-12-19,  21.6, 315.3
2004-12-20,  19.9, 361.7
2004-12-21,  20.4, 369.2
2004-12-22,  21.9, 376.6
2004-12-23,  22.1, 380.4
2004-12-24,  21.5, 375.6
2004-12-25,  17.4, 343.8
2004-12-26,  19.9, 315.3
2004-12-27,  20.2, 361.7
2004-12-28,  21.6, 369.2
2004-12-29,  22.3, 383.1
2004-12-30,  23.7, 414.8
2004-12-31,  25.7, 455.1
2005-01-01,  26.6, 442.6
2005-01-02,  26.6, 414.1
2005-01-03,  27.2, 473.4
2005-01-04,  26.1, 457.2
2005-01-05,  27.1, 486.2
2005-01-06,  28.2, 511.4
2005-01-07,  28.4, 513.1
2005-01-08,  26.9, 449.1
2005-01-09,  26.5, 411.9
2005-01-10,  22.6, 374.5
2005-01-11,  25.7, 448.6
2005-01-12,  28.0, 505.5
2005-01-13,  22.5, 389.0
2005-01-14,  24.1, 420.7
2005-01-15,  22.9, 363.2
2005-01-16,  24.4, 366.8
2005-01-17,  25.7, 441.1
2005-01-18,  22.4, 377.8
2005-01-19,  22.6, 389.5
2005-01-20,  19.5, 378.3
2005-01-21,  21.8, 375.6
2005-01-22,  23.5, 376.0
2005-01-23,  23.3, 343.2
2005-01-24,  23.6, 396.0
2005-01-25,  20.3, 369.2
2005-01-26,  21.3, 376.6
2005-01-27,  23.2, 404.0
2005-01-28,  25.4, 448.6
2005-01-29,  25.3, 414.7
2005-01-30,  20.8, 315.3
2005-01-31,  15.0, 365.7
2005-02-01,  14.9, 374.0
2005-02-02,  16.4, 376.6
2005-02-03,  18.8, 378.3
2005-02-04,  20.9, 375.6
2005-02-05,  22.5, 354.6
2005-02-06,  23.8, 353.9
2005-02-07,  23.9, 402.5
2005-02-08,  23.2, 394.9
2005-02-09,  24.8, 436.8
2005-02-10,  21.5, 378.3
2005-02-11,  20.8, 375.6
2005-02-12,  21.8, 343.8
2005-02-13,  22.9, 334.6
2005-02-14,  23.1, 385.3
2005-02-15,  21.8, 369.2
2005-02-16,  22.1, 378.8
2005-02-17,  22.7, 393.3
2005-02-18,  22.7, 390.7
2005-02-19,  23.5, 376.0
2005-02-20,  24.0, 358.2
2005-02-21,  24.6, 417.5
2005-02-22,  24.1, 414.3
2005-02-23,  26.1, 464.7
2005-02-24,  26.2, 468.5
2005-02-25,  23.2, 401.4
2005-02-26,  22.2, 348.1
2005-02-27,  22.4, 323.9
2005-02-28,  19.1, 361.7
2005-03-01,  16.7, 369.2
2005-03-02,  18.8, 376.6
2005-03-03,  20.7, 378.3
2005-03-04,  22.4, 384.2
2005-03-05,  23.1, 367.5
2005-03-06,  25.2, 384.0
2005-03-07,  22.9, 381.0
2005-03-08,  19.6, 369.2
2005-03-09,  17.2, 376.6
2005-03-10,  21.1, 378.3
2005-03-11,  23.4, 405.7
2005-03-12,  19.7, 343.8
2005-03-13,  19.4, 315.3
2005-03-14,  19.4, 361.7
2005-03-15,  20.6, 369.2
2005-03-16,  21.6, 376.6
2005-03-17,  23.2, 404.0
2005-03-18,  20.3, 375.6
2005-03-19,  18.7, 343.8
2005-03-20,  20.8, 315.3
2005-03-21,  19.0, 361.7
2005-03-22,  16.2, 369.2
2005-03-23,  17.4, 376.6
2005-03-24,  18.7, 378.3
2005-03-25,  19.6, 375.6
2005-03-26,  20.6, 343.8
2005-03-27,  22.1, 317.4
2005-03-28,  21.8, 361.7
2005-03-29,  20.6, 369.2
2005-03-30,  15.6, 376.6
2005-03-31,  17.6, 378.3
2005-04-01,  19.3, 375.6
2005-04-02,  16.1, 343.8
2005-04-03,  14.5, 323.3
2005-04-04,  15.5, 361.7
2005-04-05,  17.5, 369.2
2005-04-06,  19.6, 376.6
2005-04-07,  20.1, 378.3
2005-04-08,  14.5, 383.6
2005-04-09,  16.4, 343.8
2005-04-10,  19.1, 315.3
2005-04-11,  19.9, 361.7
2005-04-12,  14.6, 376.4
2005-04-13,  14.5, 384.6
2005-04-14,  16.0, 378.3
2005-04-15,  16.6, 375.6
2005-04-16,  16.5, 343.8
2005-04-17,  17.8, 315.3
2005-04-18,  19.2, 361.7
2005-04-19,  19.9, 369.2
2005-04-20,  12.9, 397.5
2005-04-21,  14.5, 386.3
2005-04-22,  16.7, 375.6
2005-04-23,  18.2, 343.8
2005-04-24,  12.6, 338.5
2005-04-25,   9.5, 409.8
2005-04-26,   9.7, 415.7
2005-04-27,  11.2, 411.1
2005-04-28,  13.5, 394.3
2005-04-29,  14.8, 381.2
2005-04-30,  15.2, 346.2
2005-05-01,  16.5, 315.3
2005-05-02,  17.5, 361.7
2005-05-03,  19.0, 369.2
2005-05-04,  20.2, 376.6
2005-05-05,  16.0, 378.3
2005-05-06,  12.9, 396.5
2005-05-07,  11.4, 376.7
2005-05-08,  12.8, 336.9
2005-05-09,  15.7, 361.7
2005-05-10,  16.5, 369.2
2005-05-11,  13.8, 390.3
2005-05-12,  14.1, 389.5
2005-05-13,  15.7, 375.6
2005-05-14,  13.8, 357.5
2005-05-15,  11.3, 348.9
2005-05-16,  11.7, 392.1
2005-05-17,  12.1, 396.4
2005-05-18,  15.5, 376.6
2005-05-19,  13.9, 391.1
2005-05-20,   9.7, 422.1
2005-05-21,   9.1, 395.1
2005-05-22,  10.0, 359.4
2005-05-23,  12.0, 389.7
2005-05-24,  12.0, 397.2
2005-05-25,   9.6, 423.9
2005-05-26,  12.1, 405.5
2005-05-27,  13.7, 390.0
2005-05-28,  16.3, 343.8
2005-05-29,  18.4, 315.3
2005-05-30,  11.5, 393.7
2005-05-31,  12.8, 390.8
2005-06-01,  17.5, 376.6
2005-06-02,  18.8, 378.3
2005-06-03,  15.0, 379.6
2005-06-04,  14.7, 350.2
2005-06-05,  15.4, 316.1
2005-06-06,  16.2, 361.7
2005-06-07,  20.4, 369.2
2005-06-08,  13.9, 389.5
2005-06-09,  12.4, 403.1
2005-06-10,  17.3, 375.6
2005-06-11,  12.0, 371.9
2005-06-12,  10.6, 354.6
2005-06-13,  10.3, 403.4
2005-06-14,   8.1, 428.5
2005-06-15,  11.8, 406.3
2005-06-16,  14.3, 387.9
2005-06-17,  14.0, 387.6
2005-06-18,  12.6, 367.1
2005-06-19,   8.7, 369.8
2005-06-20,   7.8, 423.4
2005-06-21,   8.0, 429.3
2005-06-22,   9.3, 426.3
2005-06-23,   9.4, 427.2
2005-06-24,  11.1, 410.9
2005-06-25,  13.0, 363.9
2005-06-26,  13.7, 329.7
2005-06-27,  15.3, 363.3
2005-06-28,  12.3, 394.8
2005-06-29,  13.3, 394.3
2005-06-30,  12.9, 399.1
2005-07-01,  16.6, 375.6
2005-07-02,  17.6, 343.8
2005-07-03,  13.0, 335.3
2005-07-04,   9.2, 412.2
2005-07-05,   7.4, 434.1
2005-07-06,   5.7, 455.2
2005-07-07,   8.7, 432.8
2005-07-08,  11.9, 404.5
2005-07-09,  11.7, 374.3
2005-07-10,  13.1, 334.5
2005-07-11,  12.6, 384.9
2005-07-12,  14.6, 376.4
2005-07-13,  16.0, 376.6
2005-07-14,  16.4, 378.3
2005-07-15,  10.3, 417.3
2005-07-16,   8.1, 403.2
2005-07-17,   7.1, 382.6
2005-07-18,   7.3, 427.4
2005-07-19,   6.8, 438.9
2005-07-20,   7.9, 437.6
2005-07-21,   8.7, 432.8
2005-07-22,   9.1, 426.9
2005-07-23,   7.7, 406.4
2005-07-24,   8.1, 374.6
2005-07-25,  10.2, 404.2
2005-07-26,   8.2, 427.7
2005-07-27,  10.4, 417.5
2005-07-28,  10.6, 417.6
2005-07-29,  13.6, 390.9
2005-07-30,  18.8, 343.8
2005-07-31,  15.1, 318.5
2005-08-01,  14.5, 369.7
2005-08-02,  16.6, 369.2
2005-08-03,  16.7, 376.6
2005-08-04,  15.7, 378.3
2005-08-05,  11.7, 406.1
2005-08-06,   8.6, 399.1
2005-08-07,   7.0, 383.4
2005-08-08,   7.3, 427.4
2005-08-09,   8.8, 422.9
2005-08-10,  10.5, 416.7
2005-08-11,  12.0, 406.3
2005-08-12,  12.7, 398.1
2005-08-13,  13.5, 359.9
2005-08-14,  14.2, 325.7
2005-08-15,   9.5, 409.8
2005-08-16,  14.1, 380.4
2005-08-17,  13.6, 391.9
2005-08-18,  11.7, 408.7
2005-08-19,  11.5, 407.7
2005-08-20,  13.8, 357.5
2005-08-21,  15.8, 315.3
2005-08-22,  16.5, 361.7
2005-08-23,  11.5, 401.2
2005-08-24,   9.1, 427.9
2005-08-25,   9.1, 429.6
2005-08-26,  11.9, 404.5
2005-08-27,  13.0, 363.9
2005-08-28,  11.6, 346.5
2005-08-29,   9.8, 407.4
2005-08-30,   8.4, 426.1
2005-08-31,   7.0, 444.8
2005-09-01,   8.5, 434.4
2005-09-02,   9.6, 422.9
2005-09-03,   9.8, 389.5
2005-09-04,  10.8, 352.9
2005-09-05,  10.7, 400.1
2005-09-06,   9.9, 414.1
2005-09-07,  14.3, 386.2
2005-09-08,  15.2, 380.7
2005-09-09,  15.1, 378.8
2005-09-10,  12.1, 371.1
2005-09-11,   8.1, 374.6
2005-09-12,   7.8, 423.4
2005-09-13,   7.6, 432.5
2005-09-14,   8.9, 429.5
2005-09-15,   9.2, 428.8
2005-09-16,   9.7, 422.1
2005-09-17,  10.0, 387.9
2005-09-18,  12.6, 338.5
2005-09-19,  14.2, 372.1
2005-09-20,  15.3, 370.8
2005-09-21,  16.6, 376.6
2005-09-22,  17.3, 378.3
2005-09-23,  17.6, 375.6
2005-09-24,  17.4, 343.8
2005-09-25,  14.0, 327.3
2005-09-26,  12.9, 382.5
2005-09-27,  14.3, 378.8
2005-09-28,  16.8, 376.6
2005-09-29,  17.3, 378.3
2005-09-30,  13.9, 388.4
2005-10-01,  14.5, 351.8
2005-10-02,  15.7, 315.3
2005-10-03,  14.9, 366.5
2005-10-04,  10.6, 408.5
2005-10-05,  12.5, 400.7
2005-10-06,  11.3, 411.9
2005-10-07,  13.8, 389.2
2005-10-08,  14.4, 352.6
2005-10-09,  14.8, 320.9
2005-10-10,  17.5, 361.7
2005-10-11,  18.9, 369.2
2005-10-12,  18.4, 376.6
2005-10-13,  17.2, 378.3
2005-10-14,  14.8, 381.2
2005-10-15,  15.1, 347.0
2005-10-16,  14.9, 320.1
2005-10-17,  16.2, 361.7
2005-10-18,  18.9, 369.2
2005-10-19,  21.4, 376.6
2005-10-20,  22.5, 389.0
2005-10-21,  22.4, 384.2
2005-10-22,  19.6, 343.8
2005-10-23,  15.0, 319.3
2005-10-24,  13.1, 380.9
2005-10-25,  16.0, 369.2
2005-10-26,  17.0, 376.6
2005-10-27,  16.5, 378.3
2005-10-28,  13.9, 388.4
2005-10-29,  11.9, 372.7
2005-10-30,  12.2, 341.7
2005-10-31,  13.8, 375.3
2005-11-01,  18.8, 369.2
2005-11-02,  20.5, 376.6
2005-11-03,  21.6, 378.3
2005-11-04,  18.1, 375.6
2005-11-05,  16.1, 343.8
2005-11-06,  14.9, 320.1
2005-11-07,  14.5, 369.7
2005-11-08,  15.6, 369.2
2005-11-09,  17.4, 376.6
2005-11-10,  17.7, 378.3
2005-11-11,  19.2, 375.6
2005-11-12,  20.6, 343.8
2005-11-13,  20.8, 315.3
2005-11-14,  21.7, 361.7
2005-11-15,  23.1, 392.8
2005-11-16,  21.6, 376.6
2005-11-17,  23.3, 406.2
2005-11-18,  22.6, 388.5
2005-11-19,  23.5, 376.0
2005-11-20,  24.9, 377.6
2005-11-21,  25.5, 436.8
2005-11-22,  26.3, 461.5
2005-11-23,  23.1, 400.3
2005-11-24,  19.2, 378.3
2005-11-25,  21.9, 375.6
2005-11-26,  25.0, 408.3
2005-11-27,  26.7, 416.2
2005-11-28,  25.1, 428.2
2005-11-29,  21.7, 369.2
2005-11-30,  19.1, 376.6
2005-12-01,  17.5, 378.3
2005-12-02,  17.9, 375.6
2005-12-03,  18.9, 343.8
2005-12-04,  18.6, 315.3
2005-12-05,  19.9, 361.7
2005-12-06,  16.5, 369.2
2005-12-07,  17.8, 376.6
2005-12-08,  20.5, 378.3
2005-12-09,  21.8, 375.6
2005-12-10,  16.2, 343.8
2005-12-11,  17.6, 315.3
2005-12-12,  19.7, 361.7
2005-12-13,  21.1, 369.2
2005-12-14,  22.2, 380.9
2005-12-15,  22.8, 395.4
2005-12-16,  21.4, 375.6
2005-12-17,  19.5, 343.8
2005-12-18,  22.7, 330.3
2005-12-19,  17.7, 361.7
2005-12-20,  19.2, 369.2
2005-12-21,  24.3, 426.0
2005-12-22,  23.9, 419.1
2005-12-23,  21.3, 375.6
2005-12-24,  20.2, 343.8
2005-12-25,  22.0, 315.3
2005-12-26,  23.7, 398.2
2005-12-27,  24.8, 429.3
2005-12-28,  24.3, 426.0
2005-12-29,  26.0, 464.2
2005-12-30,  24.8, 435.8
2005-12-31,  25.3, 414.7
2006-01-01,  25.3, 386.1
2006-01-02,  26.2, 451.9
2006-01-03,  23.2, 394.9
2006-01-04,  22.5, 387.4
2006-01-05,  25.3, 449.1
2006-01-06,  27.8, 500.2
2006-01-07,  26.5, 440.5
2006-01-08,  24.6, 371.1
2006-01-09,  27.9, 488.4
2006-01-10,  24.8, 429.3
2006-01-11,  21.2, 376.6
2006-01-12,  23.8, 416.9
2006-01-13,  19.8, 375.6
2006-01-14,  23.1, 367.5
2006-01-15,  25.4, 388.3
2006-01-16,  21.8, 361.7
2006-01-17,  20.0, 369.2
2006-01-18,  19.1, 376.6
2006-01-19,  21.8, 378.3
2006-01-20,  23.7, 412.1
2006-01-21,  21.2, 343.8
2006-01-22,  19.8, 315.3
2006-01-23,  22.2, 366.0
2006-01-24,  23.9, 410.0
2006-01-25,  23.4, 406.7
2006-01-26,  22.2, 382.6
2006-01-27,  24.8, 435.8
2006-01-28,  26.5, 440.5
2006-01-29,  28.1, 446.3
2006-01-30,  21.8, 361.7
2006-01-31,  20.7, 369.2
2006-02-01,  21.9, 376.6
2006-02-02,  23.5, 410.5
2006-02-03,  24.2, 422.9
2006-02-04,  24.0, 386.8
2006-02-05,  25.4, 388.3
2006-02-06,  22.4, 370.3
2006-02-07,  20.1, 369.2
2006-02-08,  19.9, 376.6
2006-02-09,  20.1, 378.3
2006-02-10,  20.3, 375.6
2006-02-11,  20.9, 343.8
2006-02-12,  21.6, 315.3
2006-02-13,  23.3, 389.6
2006-02-14,  24.8, 429.3
2006-02-15,  25.3, 447.5
2006-02-16,  26.8, 481.4
2006-02-17,  25.5, 450.8
2006-02-18,  24.5, 397.5
2006-02-19,  26.5, 411.9
2006-02-20,  26.6, 460.5
2006-02-21,  27.0, 476.6
2006-02-22,  26.2, 466.8
2006-02-23,  22.9, 397.6
2006-02-24,  18.4, 375.6
2006-02-25,  19.0, 343.8
2006-02-26,  21.7, 315.3
2006-02-27,  19.0, 361.7
2006-02-28,  18.7, 369.2
2006-03-01,  19.4, 376.6
2006-03-02,  21.7, 378.3
2006-03-03,  19.5, 375.6
2006-03-04,  17.9, 343.8
2006-03-05,  19.0, 315.3
2006-03-06,  20.2, 361.7
2006-03-07,  22.1, 371.3
2006-03-08,  23.0, 398.1
2006-03-09,  21.4, 378.3
2006-03-10,  17.2, 375.6
2006-03-11,  18.5, 343.8
2006-03-12,  20.8, 315.3
2006-03-13,  22.2, 366.0
2006-03-14,  21.6, 369.2
2006-03-15,  20.7, 376.6
2006-03-16,  19.9, 378.3
2006-03-17,  18.0, 375.6
2006-03-18,  17.6, 343.8
2006-03-19,  18.8, 315.3
2006-03-20,  19.7, 361.7
2006-03-21,  19.5, 369.2
2006-03-22,  21.0, 376.6
2006-03-23,  21.9, 378.3
2006-03-24,  20.5, 375.6
2006-03-25,  16.5, 343.8
2006-03-26,  16.6, 315.3
2006-03-27,  17.4, 361.7
2006-03-28,  15.8, 369.2
2006-03-29,  14.7, 383.0
2006-03-30,  16.2, 378.3
2006-03-31,  17.9, 375.6
2006-04-01,  19.6, 343.8
2006-04-02,  19.9, 315.3
2006-04-03,  20.1, 361.7
2006-04-04,  21.5, 369.2
2006-04-05,  19.9, 376.6
2006-04-06,  19.1, 378.3
2006-04-07,  19.8, 375.6
2006-04-08,  20.0, 343.8
2006-04-09,  20.4, 315.3
2006-04-10,  18.7, 361.7
2006-04-11,  18.4, 369.2
2006-04-12,  18.2, 376.6
2006-04-13,  20.8, 378.3
2006-04-14,  16.7, 375.6
2006-04-15,  13.4, 360.7
2006-04-16,  12.2, 341.7
2006-04-17,  12.2, 388.1
2006-04-18,  15.4, 370.0
2006-04-19,  19.1, 376.6
2006-04-20,  17.7, 378.3
2006-04-21,  13.8, 389.2
2006-04-22,  14.3, 353.4
2006-04-23,  15.1, 318.5
2006-04-24,  17.4, 361.7
2006-04-25,  18.5, 369.2
2006-04-26,  15.2, 379.0
2006-04-27,  18.2, 378.3
2006-04-28,  19.1, 375.6
2006-04-29,  18.0, 343.8
2006-04-30,  12.6, 338.5
2006-05-01,  12.7, 384.1
2006-05-02,  12.6, 392.4
2006-05-03,  12.2, 403.1
2006-05-04,  13.0, 398.3
2006-05-05,  13.8, 389.2
2006-05-06,  14.3, 353.4
2006-05-07,  14.6, 322.5
2006-05-08,  14.9, 366.5
2006-05-09,  14.8, 374.8
2006-05-10,  14.5, 384.6
2006-05-11,  14.4, 387.1
2006-05-12,  13.2, 394.1
2006-05-13,  13.4, 360.7
2006-05-14,  14.1, 326.5
2006-05-15,  15.1, 364.9
2006-05-16,  17.2, 369.2
2006-05-17,  15.5, 376.6
2006-05-18,  14.2, 388.7
2006-05-19,   9.0, 427.7
2006-05-20,   7.1, 411.2
2006-05-21,   7.4, 380.2
2006-05-22,   7.7, 424.2
2006-05-23,   8.8, 422.9
2006-05-24,  11.0, 412.7
2006-05-25,  13.5, 394.3
2006-05-26,  16.6, 375.6
2006-05-27,  15.4, 344.6
2006-05-28,  10.7, 353.8
2006-05-29,  11.5, 393.7
2006-05-30,  12.0, 397.2
2006-05-31,  11.1, 411.9
2006-06-01,  12.3, 403.9
2006-06-02,  13.5, 391.7
2006-06-03,  13.4, 360.7
2006-06-04,  11.7, 345.7
2006-06-05,  10.9, 398.5
2006-06-06,  12.8, 390.8
2006-06-07,  15.5, 376.6
2006-06-08,  19.9, 378.3
2006-06-09,  12.6, 398.9
2006-06-10,   9.5, 391.9
2006-06-11,   8.2, 373.8
2006-06-12,  10.1, 405.0
2006-06-13,  11.5, 401.2
2006-06-14,  10.2, 419.1
2006-06-15,   9.9, 423.2
2006-06-16,   8.5, 431.7
2006-06-17,   9.6, 391.1
2006-06-18,  12.7, 337.7
2006-06-19,  16.1, 361.7
2006-06-20,  12.4, 394.0
2006-06-21,  11.2, 411.1
2006-06-22,  10.6, 417.6
2006-06-23,  11.0, 411.7
2006-06-24,  12.9, 364.7
2006-06-25,  11.8, 344.9
2006-06-26,  10.6, 400.9
2006-06-27,   9.4, 418.1
2006-06-28,  10.1, 419.9
2006-06-29,  10.3, 420.0
2006-06-30,  12.0, 403.7
2006-07-01,  12.9, 364.7
2006-07-02,  14.0, 327.3
2006-07-03,  16.0, 361.7
2006-07-04,  17.0, 369.2
2006-07-05,  14.3, 386.2
2006-07-06,  17.7, 378.3
2006-07-07,  19.2, 375.6
2006-07-08,  13.7, 358.3
2006-07-09,  10.6, 354.6
2006-07-10,  10.9, 398.5
2006-07-11,  14.2, 379.6
2006-07-12,  18.2, 376.6
2006-07-13,  11.5, 410.3
2006-07-14,   9.7, 422.1
2006-07-15,  10.4, 384.7
2006-07-16,  13.6, 330.5
2006-07-17,  15.8, 361.7
2006-07-18,  17.7, 369.2
2006-07-19,  12.7, 399.1
2006-07-20,  14.6, 385.5
2006-07-21,  14.8, 381.2
2006-07-22,  14.9, 348.6
2006-07-23,   9.1, 366.6
2006-07-24,  10.2, 404.2
2006-07-25,  15.9, 369.2
2006-07-26,  15.7, 376.6
2006-07-27,  13.9, 391.1
2006-07-28,   9.4, 424.5
2006-07-29,   6.8, 413.6
2006-07-30,   5.1, 398.7
2006-07-31,   5.7, 440.2
2006-08-01,   6.5, 441.3
2006-08-02,   6.4, 449.6
2006-08-03,   7.7, 440.8
2006-08-04,   9.4, 424.5
2006-08-05,  10.3, 385.5
2006-08-06,  10.5, 355.4
2006-08-07,  12.8, 383.3
2006-08-08,  10.6, 408.5
2006-08-09,  12.2, 403.1
2006-08-10,   9.9, 423.2
2006-08-11,  10.9, 412.5
2006-08-12,  11.3, 377.5
2006-08-13,  12.6, 338.5
2006-08-14,  13.1, 380.9
2006-08-15,   9.1, 420.5
2006-08-16,   8.5, 432.7
2006-08-17,   9.3, 428.0
2006-08-18,   9.6, 422.9
2006-08-19,  12.4, 368.7
2006-08-20,   7.6, 378.6
2006-08-21,   6.8, 431.4
2006-08-22,  12.0, 397.2
2006-08-23,  13.8, 390.3
2006-08-24,  16.0, 378.3
2006-08-25,  15.5, 375.6
2006-08-26,  15.1, 347.0
2006-08-27,  10.1, 358.6
2006-08-28,  11.4, 394.5
2006-08-29,  10.5, 409.3
2006-08-30,  12.0, 404.7
2006-08-31,  13.8, 391.9
2006-09-01,  13.2, 394.1
2006-09-02,   9.0, 395.9
2006-09-03,   8.2, 373.8
2006-09-04,   6.5, 433.8
2006-09-05,   7.7, 431.7
2006-09-06,  10.4, 417.5
2006-09-07,  12.5, 402.3
2006-09-08,  13.6, 390.9
2006-09-09,  13.6, 359.1
2006-09-10,  17.3, 315.3
2006-09-11,  16.5, 361.7
2006-09-12,  13.5, 385.2
2006-09-13,  12.1, 403.9
2006-09-14,  12.9, 399.1
2006-09-15,  14.4, 384.4
2006-09-16,  13.7, 358.3
2006-09-17,  16.8, 315.3
2006-09-18,  17.4, 361.7
2006-09-19,  16.6, 369.2
2006-09-20,  16.5, 376.6
2006-09-21,  15.1, 381.5
2006-09-22,  16.2, 375.6
2006-09-23,  12.5, 367.9
2006-09-24,  11.1, 350.5
2006-09-25,  16.0, 361.7
2006-09-26,  18.5, 369.2
2006-09-27,  17.6, 376.6
2006-09-28,  13.0, 398.3
2006-09-29,  13.0, 395.7
2006-09-30,  16.0, 343.8
2006-10-01,  18.9, 315.3
2006-10-02,  18.0, 361.7
2006-10-03,  15.4, 370.0
2006-10-04,  18.9, 376.6
2006-10-05,  15.0, 382.3
2006-10-06,  15.2, 378.0
2006-10-07,  17.2, 343.8
2006-10-08,  17.8, 315.3
2006-10-09,  19.4, 361.7
2006-10-10,  19.0, 369.2
2006-10-11,  17.4, 376.6
2006-10-12,  18.3, 378.3
2006-10-13,  21.4, 375.6
2006-10-14,  19.5, 343.8
2006-10-15,  16.0, 315.3
2006-10-16,  15.2, 364.1
2006-10-17,  17.2, 369.2
2006-10-18,  16.6, 376.6
2006-10-19,  15.9, 378.3
2006-10-20,  17.1, 375.6
2006-10-21,  20.5, 343.8
2006-10-22,  22.0, 315.3
2006-10-23,  23.4, 391.7
2006-10-24,  25.5, 444.4
2006-10-25,  18.1, 376.6
2006-10-26,  14.8, 383.9
2006-10-27,  15.0, 379.6
2006-10-28,  17.2, 343.8
2006-10-29,  18.3, 315.3
2006-10-30,  17.3, 361.7
2006-10-31,  17.4, 369.2
2006-11-01,  17.9, 376.6
2006-11-02,  19.2, 378.3
2006-11-03,  17.0, 375.6
2006-11-04,  16.0, 343.8
2006-11-05,  18.2, 315.3
2006-11-06,  18.1, 361.7
2006-11-07,  14.3, 378.8
2006-11-08,  15.0, 380.6
2006-11-09,  17.1, 378.3
2006-11-10,  17.0, 375.6
2006-11-11,  17.4, 343.8
2006-11-12,  20.8, 315.3
2006-11-13,  23.8, 400.3
2006-11-14,  26.0, 455.1
2006-11-15,  23.6, 411.0
2006-11-16,  19.8, 378.3
2006-11-17,  16.0, 375.6
2006-11-18,  16.8, 343.8
2006-11-19,  18.1, 315.3
2006-11-20,  19.5, 361.7
2006-11-21,  22.1, 371.3
2006-11-22,  21.1, 376.6
2006-11-23,  23.5, 410.5
2006-11-24,  24.5, 429.3
2006-11-25,  22.2, 348.1
2006-11-26,  18.9, 315.3
2006-11-27,  17.5, 361.7
2006-11-28,  19.3, 369.2
2006-11-29,  21.2, 376.6
2006-11-30,  23.1, 401.9
2006-12-01,  24.6, 431.5
2006-12-02,  23.9, 384.6
2006-12-03,  21.2, 315.3
2006-12-04,  19.9, 361.7
2006-12-05,  20.7, 369.2
2006-12-06,  21.7, 376.6
2006-12-07,  22.4, 386.9
2006-12-08,  23.7, 412.1
2006-12-09,  24.6, 399.7
2006-12-10,  26.5, 411.9
2006-12-11,  27.4, 477.7
2006-12-12,  27.0, 476.6
2006-12-13,  26.7, 477.6
2006-12-14,  24.3, 427.7
2006-12-15,  22.7, 390.7
2006-12-16,  25.8, 425.4
2006-12-17,  23.4, 345.3
2006-12-18,  23.6, 396.0
2006-12-19,  24.4, 420.7
2006-12-20,  22.8, 393.8
2006-12-21,  22.6, 391.2
2006-12-22,  24.1, 420.7
2006-12-23,  24.4, 395.4
2006-12-24,  24.0, 358.2
2006-12-25,  22.4, 370.3
2006-12-26,  21.3, 369.2
2006-12-27,  23.7, 413.1
2006-12-28,  23.1, 401.9
2006-12-29,  26.8, 478.7
2006-12-30,  24.1, 388.9
2006-12-31,  26.5, 411.9
2007-01-01,  29.1, 514.2
2007-01-02,  25.3, 440.1
2007-01-03,  23.7, 413.1
2007-01-04,  25.1, 444.8
2007-01-05,  21.7, 375.6
2007-01-06,  20.4, 343.8
2007-01-07,  22.5, 326.0
2007-01-08,  23.4, 391.7
2007-01-09,  25.9, 452.9
2007-01-10,  25.5, 451.8
2007-01-11,  25.3, 449.1
2007-01-12,  25.4, 448.6
2007-01-13,  24.9, 406.1
2007-01-14,  18.4, 315.3
2007-01-15,  21.7, 361.7
2007-01-16,  23.3, 397.1
2007-01-17,  24.9, 438.9
2007-01-18,  23.8, 416.9
2007-01-19,  22.4, 384.2
2007-01-20,  22.7, 358.9
2007-01-21,  24.2, 362.5
2007-01-22,  24.1, 406.8
2007-01-23,  25.2, 437.9
2007-01-24,  25.8, 458.2
2007-01-25,  23.9, 419.1
2007-01-26,  23.6, 410.0
2007-01-27,  23.8, 382.5
2007-01-28,  22.5, 326.0
2007-01-29,  21.6, 361.7
2007-01-30,  22.3, 375.6
2007-01-31,  24.0, 419.6
2007-02-01,  25.7, 457.7
2007-02-02,  27.8, 500.2
2007-02-03,  28.2, 477.0
2007-02-04,  26.4, 409.8
2007-02-05,  24.3, 411.1
2007-02-06,  24.6, 425.0
2007-02-07,  23.3, 404.5
2007-02-08,  23.5, 410.5
2007-02-09,  24.6, 431.5
2007-02-10,  24.2, 391.1
2007-02-11,  21.8, 315.3
2007-02-12,  22.7, 376.7
2007-02-13,  23.6, 403.5
2007-02-14,  24.8, 436.8
2007-02-15,  26.1, 466.3
2007-02-16,  22.9, 394.9
2007-02-17,  18.6, 343.8
2007-02-18,  18.5, 315.3
2007-02-19,  20.6, 361.7
2007-02-20,  21.1, 369.2
2007-02-21,  22.3, 383.1
2007-02-22,  23.6, 412.6
2007-02-23,  23.7, 412.1
2007-02-24,  23.9, 384.6
2007-02-25,  25.8, 396.9
2007-02-26,  26.0, 447.6
2007-02-27,  23.7, 405.7
2007-02-28,  21.0, 376.6
2007-03-01,  21.9, 378.3
2007-03-02,  18.5, 375.6
2007-03-03,  19.0, 343.8
2007-03-04,  18.8, 315.3
2007-03-05,  20.2, 361.7
2007-03-06,  21.8, 369.2
2007-03-07,  21.9, 376.6
2007-03-08,  22.3, 384.7
2007-03-09,  20.3, 375.6
2007-03-10,  18.3, 343.8
2007-03-11,  19.9, 315.3
2007-03-12,  22.5, 372.4
2007-03-13,  22.4, 377.8
2007-03-14,  22.3, 383.1
2007-03-15,  20.8, 378.3
2007-03-16,  17.9, 375.6
2007-03-17,  18.9, 343.8
2007-03-18,  19.9, 315.3
2007-03-19,  20.7, 361.7
2007-03-20,  21.8, 369.2
2007-03-21,  22.3, 383.1
2007-03-22,  23.5, 410.5
2007-03-23,  21.6, 375.6
2007-03-24,  20.4, 343.8
2007-03-25,  20.6, 315.3
2007-03-26,  21.7, 361.7
2007-03-27,  21.8, 369.2
2007-03-28,  21.0, 376.6
2007-03-29,  21.7, 378.3
2007-03-30,  21.7, 375.6
2007-03-31,  20.0, 343.8
2007-04-01,  20.7, 315.3
2007-04-02,  21.7, 361.7
2007-04-03,  20.4, 369.2
2007-04-04,  20.4, 376.6
2007-04-05,  20.0, 378.3
2007-04-06,  20.1, 375.6
2007-04-07,  20.6, 343.8
2007-04-08,  17.1, 315.3
2007-04-09,  16.0, 361.7
2007-04-10,  17.6, 369.2
2007-04-11,  17.8, 376.6
2007-04-12,  15.3, 379.9
2007-04-13,  16.4, 375.6
2007-04-14,  18.6, 343.8
2007-04-15,  18.6, 315.3
2007-04-16,  20.9, 361.7
2007-04-17,  22.8, 386.4
2007-04-18,  24.1, 421.7
2007-04-19,  24.8, 438.4
2007-04-20,  18.2, 375.6
2007-04-21,  16.7, 343.8
2007-04-22,  17.0, 315.3
2007-04-23,  16.3, 361.7
2007-04-24,  16.2, 369.2
2007-04-25,  12.6, 399.9
2007-04-26,  13.0, 398.3
2007-04-27,  11.6, 406.9
2007-04-28,  13.1, 363.1
2007-04-29,  14.0, 327.3
2007-04-30,  16.9, 361.7
2007-05-01,  18.8, 369.2
2007-05-02,  17.5, 376.6
2007-05-03,  18.0, 378.3
2007-05-04,  19.6, 375.6
2007-05-05,  16.8, 343.8
2007-05-06,  14.4, 324.1
2007-05-07,   9.0, 413.8
2007-05-08,   8.9, 422.1
2007-05-09,   7.6, 440.0
2007-05-10,  10.1, 421.6
2007-05-11,  12.4, 400.5
2007-05-12,   9.9, 388.7
2007-05-13,  10.6, 354.6
2007-05-14,  10.5, 401.8
2007-05-15,  12.7, 391.6
2007-05-16,  11.7, 407.1
2007-05-17,   9.3, 428.0
2007-05-18,  11.1, 410.9
2007-05-19,  11.8, 373.5
2007-05-20,  12.3, 340.9
2007-05-21,  11.4, 394.5
2007-05-22,  10.8, 406.9
2007-05-23,   9.1, 427.9
2007-05-24,   9.4, 427.2
2007-05-25,   9.6, 422.9
2007-05-26,  10.1, 387.1
2007-05-27,   8.4, 372.2
2007-05-28,   4.9, 446.6
2007-05-29,   5.6, 448.5
2007-05-30,   6.4, 449.6
2007-05-31,   9.1, 429.6
2007-06-01,   9.2, 426.1
2007-06-02,   9.9, 388.7
2007-06-03,  11.1, 350.5
2007-06-04,  10.5, 401.8
2007-06-05,  11.4, 402.0
2007-06-06,   9.0, 428.7
2007-06-07,   8.8, 432.0
2007-06-08,  10.1, 418.9
2007-06-09,   9.6, 391.1
2007-06-10,   8.8, 369.0
2007-06-11,   9.6, 409.0
2007-06-12,  10.2, 411.7
2007-06-13,  10.9, 413.5
2007-06-14,   9.3, 428.0
2007-06-15,   6.8, 445.4
2007-06-16,   6.2, 418.4
2007-06-17,   7.9, 376.2
2007-06-18,   0.1, 485.1
2007-06-19,   8.0, 429.3
2007-06-20,  11.0, 412.7
2007-06-21,   9.2, 428.8
2007-06-22,  11.8, 405.3
2007-06-23,   9.2, 394.3
2007-06-24,   6.1, 390.6
2007-06-25,   7.5, 425.8
2007-06-26,   8.4, 426.1
2007-06-27,   7.9, 437.6
2007-06-28,   8.5, 434.4
2007-06-29,   9.5, 423.7
2007-06-30,   7.7, 406.4
2007-07-01,   7.1, 382.6
2007-07-02,   6.6, 433.0
2007-07-03,   8.3, 426.9
2007-07-04,   9.6, 423.9
2007-07-05,  13.3, 395.9
2007-07-06,  11.6, 406.9
2007-07-07,   7.6, 407.2
2007-07-08,   5.4, 396.2
2007-07-09,   3.8, 455.5
2007-07-10,   0.8, 487.0
2007-07-11,   1.5, 488.9
2007-07-12,   0.4, 499.3
2007-07-13,   5.6, 455.0
2007-07-14,   7.5, 408.0
2007-07-15,   6.6, 386.6
2007-07-16,   8.6, 417.0
2007-07-17,   9.7, 415.7
2007-07-18,  10.4, 417.5
2007-07-19,  12.2, 404.7
2007-07-20,  11.7, 406.1
2007-07-21,   9.5, 391.9
2007-07-22,   8.7, 369.8
2007-07-23,   7.6, 425.0
2007-07-24,   6.9, 438.1
2007-07-25,   6.0, 452.8
2007-07-26,   9.0, 430.4
2007-07-27,   6.4, 448.6
2007-07-28,   3.9, 436.8
2007-07-29,   5.4, 396.2
2007-07-30,   6.8, 431.4
2007-07-31,   7.9, 430.1
2007-08-01,   7.1, 444.0
2007-08-02,   5.8, 456.0
2007-08-03,   6.9, 444.6
2007-08-04,   6.3, 417.6
2007-08-05,   6.3, 389.0
2007-08-06,   7.6, 425.0
2007-08-07,   8.6, 424.5
2007-08-08,  10.4, 417.5
2007-08-09,  10.6, 417.6
2007-08-10,   8.2, 434.1
2007-08-11,   7.3, 409.6
2007-08-12,   9.0, 367.4
2007-08-13,  12.9, 382.5
2007-08-14,  17.5, 369.2
2007-08-15,  12.1, 403.9
2007-08-16,   8.4, 435.2
2007-08-17,   6.6, 447.0
2007-08-18,   7.8, 405.6
2007-08-19,   7.9, 376.2
2007-08-20,   7.3, 427.4
2007-08-21,   8.3, 426.9
2007-08-22,   9.4, 425.5
2007-08-23,  10.2, 420.8
2007-08-24,  10.4, 416.5
2007-08-25,   9.2, 394.3
2007-08-26,   8.2, 373.8
2007-08-27,   8.6, 417.0
2007-08-28,  11.1, 404.5
2007-08-29,   8.5, 432.7
2007-08-30,   8.8, 432.0
2007-08-31,  10.7, 414.1
2007-09-01,  11.3, 377.5
2007-09-02,  14.3, 324.9
2007-09-03,  16.5, 361.7
2007-09-04,  20.2, 369.2
2007-09-05,  12.9, 397.5
2007-09-06,  16.8, 378.3
2007-09-07,  20.0, 375.6
2007-09-08,  22.0, 343.8
2007-09-09,  24.3, 364.7
2007-09-10,  23.1, 385.3
2007-09-11,  18.3, 369.2
2007-09-12,  15.6, 376.6
2007-09-13,  18.3, 378.3
2007-09-14,  18.4, 375.6
2007-09-15,  13.7, 358.3
2007-09-16,  13.1, 334.5
2007-09-17,  13.3, 379.3
2007-09-18,  13.0, 389.2
2007-09-19,  13.1, 395.9
2007-09-20,  13.2, 396.7
2007-09-21,  13.0, 395.7
2007-09-22,  12.6, 367.1
2007-09-23,  11.3, 348.9
2007-09-24,   9.8, 407.4
2007-09-25,  10.0, 413.3
2007-09-26,  11.7, 407.1
2007-09-27,  14.9, 383.1
2007-09-28,  15.6, 375.6
2007-09-29,  17.6, 343.8
2007-09-30,  19.0, 315.3
2007-10-01,  18.9, 361.7
2007-10-02,  19.3, 369.2
2007-10-03,  18.8, 376.6
2007-10-04,  19.1, 378.3
2007-10-05,  18.9, 375.6
2007-10-06,  17.7, 343.8
2007-10-07,  13.4, 332.1
2007-10-08,  14.5, 369.7
2007-10-09,  16.4, 369.2
2007-10-10,  15.3, 378.2
2007-10-11,  13.3, 395.9
2007-10-12,  12.8, 397.3
2007-10-13,  13.2, 362.3
2007-10-14,  14.8, 320.9
2007-10-15,  15.7, 361.7
2007-10-16,  18.1, 369.2
2007-10-17,  18.4, 376.6
2007-10-18,  18.8, 378.3
2007-10-19,  20.1, 375.6
2007-10-20,  20.1, 343.8
2007-10-21,  18.2, 315.3
2007-10-22,  19.1, 361.7
2007-10-23,  20.7, 369.2
2007-10-24,  20.8, 376.6
2007-10-25,  19.8, 378.3
2007-10-26,  18.4, 375.6
2007-10-27,  19.1, 343.8
2007-10-28,  19.1, 315.3
2007-10-29,  20.5, 361.7
2007-10-30,  20.1, 369.2
2007-10-31,  18.8, 376.6
2007-11-01,  16.0, 378.3
2007-11-02,  17.5, 375.6
2007-11-03,  18.6, 343.8
2007-11-04,  12.1, 342.5
2007-11-05,  16.5, 361.7
2007-11-06,  19.0, 369.2
2007-11-07,  21.8, 376.6
2007-11-08,  18.8, 378.3
2007-11-09,  18.5, 375.6
2007-11-10,  14.0, 355.9
2007-11-11,  11.7, 345.7
2007-11-12,  15.9, 361.7
2007-11-13,  15.9, 369.2
2007-11-14,  11.6, 407.9
2007-11-15,  11.2, 412.7
2007-11-16,  17.1, 375.6
2007-11-17,  20.8, 343.8
2007-11-18,  19.4, 315.3
2007-11-19,  21.3, 361.7
2007-11-20,  19.2, 369.2
2007-11-21,  19.9, 376.6
2007-11-22,  22.2, 382.6
2007-11-23,  17.6, 375.6
2007-11-24,  13.3, 361.5
2007-11-25,  17.6, 315.3
2007-11-26,  19.1, 361.7
2007-11-27,  19.5, 369.2
2007-11-28,  21.5, 376.6
2007-11-29,  23.0, 399.7
2007-11-30,  23.9, 416.4
2007-12-01,  23.3, 371.8
2007-12-02,  22.9, 334.6
2007-12-03,  24.8, 421.8
2007-12-04,  22.8, 386.4
2007-12-05,  18.6, 376.6
2007-12-06,  21.3, 378.3
2007-12-07,  23.1, 399.2
2007-12-08,  22.3, 350.3
2007-12-09,  21.9, 315.3
2007-12-10,  21.6, 361.7
2007-12-11,  18.7, 369.2
2007-12-12,  21.6, 376.6
2007-12-13,  24.1, 423.4
2007-12-14,  22.8, 392.8
2007-12-15,  20.1, 343.8
2007-12-16,  17.6, 315.3
2007-12-17,  20.5, 361.7
2007-12-18,  23.7, 405.7
2007-12-19,  20.4, 376.6
2007-12-20,  24.0, 421.2
2007-12-21,  26.4, 470.1
2007-12-22,  19.3, 343.8
2007-12-23,  19.3, 315.3
2007-12-24,  22.0, 361.7
2007-12-25,  21.8, 369.2
2007-12-26,  21.5, 376.6
2007-12-27,  21.5, 378.3
2007-12-28,  23.2, 401.4
2007-12-29,  24.3, 393.2
2007-12-30,  27.1, 424.8
2007-12-31,  28.1, 492.7
2008-01-01,  26.5, 465.8
2008-01-02,  28.3, 511.9
2008-01-03,  27.7, 500.7
2008-01-04,  20.7, 375.6
2008-01-05,  21.4, 343.8
2008-01-06,  25.3, 386.1
2008-01-07,  28.0, 490.5
2008-01-08,  30.1, 543.2
2008-01-09,  28.2, 509.8
2008-01-10,  23.8, 416.9
2008-01-11,  20.2, 375.6
2008-01-12,  21.8, 343.8
2008-01-13,  24.0, 358.2
2008-01-14,  25.7, 441.1
2008-01-15,  27.5, 487.3
2008-01-16,  22.6, 389.5
2008-01-17,  20.6, 378.3
2008-01-18,  22.8, 392.8
2008-01-19,  19.9, 343.8
2008-01-20,  22.3, 321.7
2008-01-21,  24.3, 411.1
2008-01-22,  23.5, 401.4
2008-01-23,  23.2, 402.4
2008-01-24,  24.6, 434.1
2008-01-25,  25.0, 440.1
2008-01-26,  24.3, 393.2
2008-01-27,  23.3, 343.2
2008-01-28,  22.4, 370.3
2008-01-29,  22.9, 388.5
2008-01-30,  22.4, 385.2
2008-01-31,  23.0, 399.7
2008-02-01,  23.6, 410.0
2008-02-02,  23.1, 367.5
2008-02-03,  20.6, 315.3
2008-02-04,  24.1, 406.8
2008-02-05,  24.5, 422.9
2008-02-06,  27.1, 486.2
2008-02-07,  24.2, 425.5
2008-02-08,  22.9, 394.9
2008-02-09,  21.3, 343.8
2008-02-10,  20.1, 315.3
2008-02-11,  18.4, 361.7
2008-02-12,  20.3, 369.2
2008-02-13,  22.1, 378.8
2008-02-14,  24.2, 425.5
2008-02-15,  25.5, 450.8
2008-02-16,  25.4, 416.9
2008-02-17,  25.3, 386.1
2008-02-18,  25.1, 428.2
2008-02-19,  24.7, 427.2
2008-02-20,  25.6, 454.0
2008-02-21,  26.8, 481.4
2008-02-22,  25.5, 450.8
2008-02-23,  24.8, 404.0
2008-02-24,  24.1, 360.4
2008-02-25,  24.2, 408.9
2008-02-26,  24.7, 427.2
2008-02-27,  24.4, 428.2
2008-02-28,  22.8, 395.4
2008-02-29,  23.0, 397.1
2008-03-01,  22.3, 350.3
2008-03-02,  22.0, 315.3
2008-03-03,  20.7, 361.7
2008-03-04,  21.2, 369.2
2008-03-05,  20.5, 376.6
2008-03-06,  20.8, 378.3
2008-03-07,  21.2, 375.6
2008-03-08,  21.3, 343.8
2008-03-09,  21.9, 315.3
2008-03-10,  18.7, 361.7
2008-03-11,  17.0, 369.2
2008-03-12,  17.5, 376.6
2008-03-13,  18.9, 378.3
2008-03-14,  19.5, 375.6
2008-03-15,  20.5, 343.8
2008-03-16,  22.0, 315.3
2008-03-17,  23.5, 393.9
2008-03-18,  22.9, 388.5
2008-03-19,  24.5, 430.3
2008-03-20,  23.4, 408.3
2008-03-21,  22.2, 379.9
2008-03-22,  18.1, 343.8
2008-03-23,  18.1, 315.3
2008-03-24,  19.2, 361.7
2008-03-25,  21.6, 369.2
2008-03-26,  22.5, 387.4
2008-03-27,  20.4, 378.3
2008-03-28,  18.7, 375.6
2008-03-29,  19.8, 343.8
2008-03-30,  19.7, 315.3
2008-03-31,  19.8, 361.7
2008-04-01,  19.0, 369.2
2008-04-02,  17.4, 376.6
2008-04-03,  16.8, 378.3
2008-04-04,  19.1, 375.6
2008-04-05,  20.1, 343.8
2008-04-06,  21.7, 315.3
2008-04-07,  19.6, 361.7
2008-04-08,  19.2, 369.2
2008-04-09,  20.5, 376.6
2008-04-10,  21.7, 378.3
2008-04-11,  18.8, 375.6
2008-04-12,  12.8, 365.5
2008-04-13,  11.6, 346.5
2008-04-14,  10.4, 402.6
2008-04-15,  11.4, 402.0
2008-04-16,  14.7, 383.0
2008-04-17,  17.1, 378.3
2008-04-18,  18.3, 375.6
2008-04-19,  19.2, 343.8
2008-04-20,  20.3, 315.3
2008-04-21,  20.6, 361.7
2008-04-22,  20.0, 369.2
2008-04-23,  20.8, 376.6
2008-04-24,  21.1, 378.3
2008-04-25,  17.2, 375.6
2008-04-26,  17.1, 343.8
2008-04-27,  17.4, 315.3
2008-04-28,  16.4, 361.7
2008-04-29,  11.0, 405.3
2008-04-30,  10.7, 415.1
2008-05-01,  12.4, 403.1
2008-05-02,  13.1, 394.9
2008-05-03,  13.7, 358.3
2008-05-04,  14.2, 325.7
2008-05-05,  12.9, 382.5
2008-05-06,  15.3, 370.8
2008-05-07,  14.4, 385.4
2008-05-08,  11.7, 408.7
2008-05-09,  12.1, 402.9
2008-05-10,  12.2, 370.3
2008-05-11,  12.8, 336.9
2008-05-12,  13.9, 374.5
2008-05-13,  14.1, 380.4
2008-05-14,  15.1, 379.8
2008-05-15,  17.3, 378.3
2008-05-16,  15.8, 375.6
2008-05-17,  19.6, 343.8
2008-05-18,  20.9, 315.3
2008-05-19,  22.0, 361.7
2008-05-20,  18.1, 369.2
2008-05-21,  17.4, 376.6
2008-05-22,  16.2, 378.3
2008-05-23,  18.9, 375.6
2008-05-24,  13.4, 360.7
2008-05-25,  12.7, 337.7
2008-05-26,  13.6, 376.9
2008-05-27,  14.6, 376.4
2008-05-28,   9.6, 423.9
2008-05-29,   5.8, 456.0
2008-05-30,   5.7, 454.2
2008-05-31,   5.5, 424.0
2008-06-01,   7.2, 381.8
2008-06-02,   9.8, 407.4
2008-06-03,  11.5, 401.2
2008-06-04,  13.7, 391.1
2008-06-05,  14.5, 386.3
2008-06-06,  12.4, 400.5
2008-06-07,  11.6, 375.1
2008-06-08,  12.1, 342.5
2008-06-09,   9.4, 410.6
2008-06-10,   8.1, 428.5
2008-06-11,  10.8, 414.3
2008-06-12,   9.9, 423.2
2008-06-13,  11.5, 407.7
2008-06-14,  11.4, 376.7
2008-06-15,   8.7, 369.8
2008-06-16,   8.0, 421.8
2008-06-17,   9.4, 418.1
2008-06-18,   9.1, 427.9
2008-06-19,  10.1, 421.6
2008-06-20,   9.1, 426.9
2008-06-21,   9.4, 392.7
2008-06-22,   7.4, 380.2
2008-06-23,   8.0, 421.8
2008-06-24,   9.3, 418.9
2008-06-25,  11.3, 410.3
2008-06-26,  11.9, 407.1
2008-06-27,   9.6, 422.9
2008-06-28,  10.3, 385.5
2008-06-29,  10.9, 352.1
2008-06-30,  12.7, 384.1
2008-07-01,  10.8, 406.9
2008-07-02,   9.9, 421.5
2008-07-03,  10.5, 418.4
2008-07-04,  13.5, 391.7
2008-07-05,  18.5, 343.8
2008-07-06,  15.3, 316.9
2008-07-07,  14.2, 372.1
2008-07-08,  12.6, 392.4
2008-07-09,  12.4, 401.5
2008-07-10,  13.3, 395.9
2008-07-11,  16.4, 375.6
2008-07-12,  18.0, 343.8
2008-07-13,  16.5, 315.3
2008-07-14,  15.1, 364.9
2008-07-15,  19.7, 369.2
2008-07-16,  19.5, 376.6
2008-07-17,  18.1, 378.3
2008-07-18,  12.1, 402.9
2008-07-19,  10.9, 380.7
2008-07-20,  10.4, 356.2
2008-07-21,  11.0, 397.7
2008-07-22,  10.6, 408.5
2008-07-23,   9.6, 423.9
2008-07-24,   9.7, 424.8
2008-07-25,   8.3, 433.3
2008-07-26,   9.9, 388.7
2008-07-27,  11.1, 350.5
2008-07-28,  11.8, 391.3
2008-07-29,  12.8, 390.8
2008-07-30,  11.9, 405.5
2008-07-31,  11.7, 408.7
2008-08-01,  11.9, 404.5
2008-08-02,   9.8, 389.5
2008-08-03,   5.7, 393.8
2008-08-04,   9.3, 411.4
2008-08-05,   8.2, 427.7
2008-08-06,   9.7, 423.1
2008-08-07,   9.6, 425.6
2008-08-08,   7.0, 443.8
2008-08-09,  10.0, 387.9
2008-08-10,  14.0, 327.3
2008-08-11,  14.4, 370.5
2008-08-12,   9.0, 421.3
2008-08-13,   8.7, 431.1
2008-08-14,  10.1, 421.6
2008-08-15,  13.9, 388.4
2008-08-16,  14.3, 353.4
2008-08-17,  10.0, 359.4
2008-08-18,   8.7, 416.2
2008-08-19,  11.2, 403.6
2008-08-20,  13.2, 395.1
2008-08-21,  11.2, 412.7
2008-08-22,  10.6, 414.9
2008-08-23,  11.2, 378.3
2008-08-24,  11.7, 345.7
2008-08-25,  11.9, 390.5
2008-08-26,  16.1, 369.2
2008-08-27,  16.8, 376.6
2008-08-28,  11.5, 410.3
2008-08-29,  11.2, 410.1
2008-08-30,  13.4, 360.7
2008-08-31,  15.8, 315.3
2008-09-01,  17.7, 361.7
2008-09-02,  18.9, 369.2
2008-09-03,  11.2, 411.1
2008-09-04,   8.8, 432.0
2008-09-05,   7.5, 439.8
2008-09-06,   7.1, 411.2
2008-09-07,   9.6, 362.6
2008-09-08,  11.4, 394.5
2008-09-09,  13.1, 388.4
2008-09-10,  13.7, 391.1
2008-09-11,  13.5, 394.3
2008-09-12,  10.3, 417.3
2008-09-13,  11.0, 379.9
2008-09-14,  10.1, 358.6
2008-09-15,  11.1, 396.9
2008-09-16,  10.8, 406.9
2008-09-17,  13.6, 391.9
2008-09-18,  13.9, 391.1
2008-09-19,  14.1, 386.8
2008-09-20,  12.8, 365.5
2008-09-21,  12.9, 336.1
2008-09-22,  14.1, 372.9
2008-09-23,  15.4, 370.0
2008-09-24,  15.3, 378.2
2008-09-25,  15.5, 378.3
2008-09-26,  16.5, 375.6
2008-09-27,  18.2, 343.8
2008-09-28,  17.3, 315.3
2008-09-29,  16.6, 361.7
2008-09-30,  15.1, 372.4
2008-10-01,  15.3, 378.2
2008-10-02,  16.2, 378.3
2008-10-03,  15.0, 379.6
2008-10-04,  14.3, 353.4
2008-10-05,  13.4, 332.1
2008-10-06,  17.7, 361.7
2008-10-07,  12.0, 397.2
2008-10-08,  11.7, 407.1
2008-10-09,  15.2, 380.7
2008-10-10,  18.7, 375.6
2008-10-11,  20.7, 343.8
2008-10-12,  17.5, 315.3
2008-10-13,  15.9, 361.7
2008-10-14,  14.9, 374.0
2008-10-15,  14.9, 381.4
2008-10-16,  14.7, 384.7
2008-10-17,  14.9, 380.4
2008-10-18,  16.4, 343.8
2008-10-19,  18.4, 315.3
2008-10-20,  20.2, 361.7
2008-10-21,  19.9, 369.2
2008-10-22,  17.2, 376.6
2008-10-23,  18.0, 378.3
2008-10-24,  19.9, 375.6
2008-10-25,  19.3, 343.8
2008-10-26,  20.3, 315.3
2008-10-27,  16.2, 361.7
2008-10-28,  18.0, 369.2
2008-10-29,  19.4, 376.6
2008-10-30,  16.8, 378.3
2008-10-31,  18.4, 375.6
2008-11-01,  20.7, 343.8
2008-11-02,  18.8, 315.3
2008-11-03,  22.0, 361.7
2008-11-04,  25.2, 437.9
2008-11-05,  25.9, 460.4
2008-11-06,  23.2, 404.0
2008-11-07,  22.6, 388.5
2008-11-08,  25.2, 412.6
2008-11-09,  24.0, 358.2
2008-11-10,  24.2, 408.9
2008-11-11,  23.9, 410.0
2008-11-12,  24.0, 419.6
2008-11-13,  24.3, 427.7
2008-11-14,  25.1, 442.2
2008-11-15,  18.2, 343.8
2008-11-16,  15.8, 315.3
2008-11-17,  20.7, 361.7
2008-11-18,  20.5, 369.2
2008-11-19,  20.5, 376.6
2008-11-20,  21.7, 378.3
2008-11-21,  22.1, 377.8
2008-11-22,  24.1, 388.9
2008-11-23,  25.1, 381.9
2008-11-24,  26.5, 458.3
2008-11-25,  28.0, 498.0
2008-11-26,  27.9, 503.4
2008-11-27,  28.7, 522.2
2008-11-28,  25.9, 459.4
2008-11-29,  24.0, 386.8
2008-11-30,  19.7, 315.3
2008-12-01,  16.7, 361.7
2008-12-02,  16.3, 369.2
2008-12-03,  17.0, 376.6
2008-12-04,  17.9, 378.3
2008-12-05,  20.1, 375.6
2008-12-06,  22.0, 343.8
2008-12-07,  24.2, 362.5
2008-12-08,  26.5, 458.3
2008-12-09,  24.1, 414.3
2008-12-10,  22.0, 376.6
2008-12-11,  21.1, 378.3
2008-12-12,  20.7, 375.6
2008-12-13,  22.5, 354.6
2008-12-14,  23.2, 341.0
2008-12-15,  23.8, 400.3
2008-12-16,  24.7, 427.2
2008-12-17,  25.6, 454.0
2008-12-18,  25.5, 453.4
2008-12-19,  25.1, 442.2
2008-12-20,  26.8, 446.9
2008-12-21,  24.8, 375.4
2008-12-22,  21.9, 361.7
2008-12-23,  23.3, 397.1
2008-12-24,  24.6, 432.5
2008-12-25,  25.1, 444.8
2008-12-26,  23.8, 414.3
2008-12-27,  25.3, 414.7
2008-12-28,  26.7, 416.2
2008-12-29,  19.9, 361.7
2008-12-30,  21.7, 369.2
2008-12-31,  20.5, 376.6
2009-01-01,  19.7, 378.3
2009-01-02,  20.4, 375.6
2009-01-03,  21.3, 343.8
2009-01-04,  23.2, 341.0
2009-01-05,  26.4, 456.2
2009-01-06,  26.9, 474.4
2009-01-07,  24.0, 419.6
2009-01-08,  24.6, 434.1
2009-01-09,  26.3, 468.0
2009-01-10,  25.2, 412.6
2009-01-11,  23.6, 349.6
2009-01-12,  23.5, 393.9
2009-01-13,  23.1, 392.8
2009-01-14,  24.1, 421.7
2009-01-15,  25.3, 449.1
2009-01-16,  26.8, 478.7
2009-01-17,  28.4, 481.3
2009-01-18,  19.5, 315.3
2009-01-19,  20.2, 361.7
2009-01-20,  23.5, 401.4
2009-01-21,  26.0, 462.5
2009-01-22,  27.0, 485.7
2009-01-23,  27.0, 483.0
2009-01-24,  28.5, 483.4
2009-01-25,  26.6, 414.1
2009-01-26,  23.2, 387.4
2009-01-27,  23.4, 399.2
2009-01-28,  24.1, 421.7
2009-01-29,  23.4, 408.3
2009-01-30,  22.9, 394.9
2009-01-31,  23.5, 376.0
2009-02-01,  20.3, 315.3
2009-02-02,  23.9, 402.5
2009-02-03,  24.6, 425.0
2009-02-04,  24.6, 432.5
2009-02-05,  24.0, 421.2
2009-02-06,  22.7, 390.7
2009-02-07,  21.8, 343.8
2009-02-08,  23.5, 347.5
2009-02-09,  24.7, 419.7
2009-02-10,  24.2, 416.4
2009-02-11,  21.7, 376.6
2009-02-12,  21.5, 378.3
2009-02-13,  24.0, 418.6
2009-02-14,  25.5, 419.0
2009-02-15,  25.0, 379.7
2009-02-16,  24.4, 413.2
2009-02-17,  24.2, 416.4
2009-02-18,  25.7, 456.1
2009-02-19,  27.2, 490.0
2009-02-20,  26.9, 480.9
2009-02-21,  21.7, 343.8
2009-02-22,  18.8, 315.3
2009-02-23,  19.6, 361.7
2009-02-24,  21.8, 369.2
2009-02-25,  22.2, 380.9
2009-02-26,  22.0, 378.3
2009-02-27,  22.2, 379.9
2009-02-28,  23.5, 376.0
2009-03-01,  25.6, 392.6
2009-03-02,  24.4, 413.2
2009-03-03,  23.8, 407.8
2009-03-04,  21.2, 376.6
2009-03-05,  21.4, 378.3
2009-03-06,  22.5, 386.4
2009-03-07,  23.0, 365.3
2009-03-08,  21.4, 315.3
2009-03-09,  21.7, 361.7
2009-03-10,  22.6, 382.1
2009-03-11,  21.3, 376.6
2009-03-12,  21.5, 378.3
2009-03-13,  22.2, 379.9
2009-03-14,  24.5, 397.5
2009-03-15,  17.5, 315.3
2009-03-16,  17.7, 361.7
2009-03-17,  19.8, 369.2
2009-03-18,  20.4, 376.6
2009-03-19,  20.7, 378.3
2009-03-20,  20.8, 375.6
2009-03-21,  22.8, 361.0
2009-03-22,  23.3, 343.2
2009-03-23,  23.3, 389.6
2009-03-24,  22.8, 386.4
2009-03-25,  21.7, 376.6
2009-03-26,  22.1, 380.4
2009-03-27,  21.8, 375.6
2009-03-28,  24.0, 386.8
2009-03-29,  25.7, 394.7
2009-03-30,  22.9, 381.0
2009-03-31,  19.1, 369.2
2009-04-01,  17.0, 376.6
2009-04-02,  17.1, 378.3
2009-04-03,  20.2, 375.6
2009-04-04,  19.7, 343.8
2009-04-05,  17.4, 315.3
2009-04-06,  19.8, 361.7
2009-04-07,  21.0, 369.2
2009-04-08,  16.0, 376.6
2009-04-09,  16.6, 378.3
2009-04-10,  17.8, 375.6
2009-04-11,  21.3, 343.8
2009-04-12,  21.7, 315.3
2009-04-13,  21.3, 361.7
2009-04-14,  15.4, 370.0
2009-04-15,  15.9, 376.6
2009-04-16,  19.2, 378.3
2009-04-17,  20.0, 375.6
2009-04-18,  18.7, 343.8
2009-04-19,  14.9, 320.1
2009-04-20,  13.1, 380.9
2009-04-21,  15.6, 369.2
2009-04-22,  16.9, 376.6
2009-04-23,  18.9, 378.3
2009-04-24,  15.8, 375.6
2009-04-25,  17.3, 343.8
2009-04-26,  16.7, 315.3
2009-04-27,  19.3, 361.7
2009-04-28,  20.5, 369.2
2009-04-29,  20.2, 376.6
2009-04-30,  16.9, 378.3
2009-05-01,  17.5, 375.6
2009-05-02,  17.4, 343.8
2009-05-03,  17.1, 315.3
2009-05-04,  17.5, 361.7
2009-05-05,  14.1, 380.4
2009-05-06,  14.2, 387.0
2009-05-07,  15.2, 380.7
2009-05-08,  15.0, 379.6
2009-05-09,  17.0, 343.8
2009-05-10,  19.1, 315.3
2009-05-11,  17.5, 361.7
2009-05-12,  14.1, 380.4
2009-05-13,  13.4, 393.5
2009-05-14,  10.2, 420.8
2009-05-15,  10.0, 419.7
2009-05-16,  12.3, 369.5
2009-05-17,  14.0, 327.3
2009-05-18,  14.2, 372.1
2009-05-19,  11.3, 402.8
2009-05-20,  16.5, 376.6
2009-05-21,  20.9, 378.3
2009-05-22,  21.5, 375.6
2009-05-23,  21.5, 343.8
2009-05-24,  19.2, 315.3
2009-05-25,  18.4, 361.7
2009-05-26,  13.0, 389.2
2009-05-27,  10.4, 417.5
2009-05-28,   9.6, 425.6
2009-05-29,   9.6, 422.9
2009-05-30,   9.0, 395.9
2009-05-31,  10.1, 358.6
2009-06-01,  10.2, 404.2
2009-06-02,   8.6, 424.5
2009-06-03,   9.2, 427.1
2009-06-04,  11.9, 407.1
2009-06-05,  11.3, 409.3
2009-06-06,  10.3, 385.5
2009-06-07,   9.9, 360.2
2009-06-08,  10.0, 405.8
2009-06-09,   8.7, 423.7
2009-06-10,  10.0, 420.7
2009-06-11,   8.4, 435.2
2009-06-12,   7.3, 441.4
2009-06-13,  10.0, 387.9
2009-06-14,  11.7, 345.7
2009-06-15,  11.4, 394.5
2009-06-16,   9.2, 419.7
2009-06-17,   9.7, 423.1
2009-06-18,  11.8, 407.9
2009-06-19,  15.1, 378.8
2009-06-20,  15.7, 343.8
2009-06-21,  10.9, 352.1
2009-06-22,   8.3, 419.4
2009-06-23,   7.7, 431.7
2009-06-24,   0.3, 498.5
2009-06-25,   7.2, 444.8
2009-06-26,   8.4, 432.5
2009-06-27,   9.0, 395.9
2009-06-28,  10.5, 355.4
2009-06-29,  12.4, 386.5
2009-06-30,  10.5, 409.3
2009-07-01,   9.6, 423.9
2009-07-02,   9.0, 430.4
2009-07-03,  10.4, 416.5
2009-07-04,  11.6, 375.1
2009-07-05,  13.9, 328.1
2009-07-06,  15.4, 362.5
2009-07-07,  14.6, 376.4
2009-07-08,   7.6, 440.0
2009-07-09,   6.2, 452.8
2009-07-10,   7.5, 439.8
2009-07-11,   6.7, 414.4
2009-07-12,   9.1, 366.6
2009-07-13,   9.4, 410.6
2009-07-14,   7.4, 434.1
2009-07-15,   7.9, 437.6
2009-07-16,   9.0, 430.4
2009-07-17,  10.4, 416.5
2009-07-18,  10.3, 385.5
2009-07-19,  12.7, 337.7
2009-07-20,  12.4, 386.5
2009-07-21,  11.1, 404.5
2009-07-22,   6.4, 449.6
2009-07-23,   4.2, 468.9
2009-07-24,   5.3, 457.4
2009-07-25,   6.9, 412.8
2009-07-26,   6.2, 389.8
2009-07-27,   8.6, 417.0
2009-07-28,   7.0, 437.3
2009-07-29,   6.1, 452.0
2009-07-30,   5.5, 458.4
2009-07-31,   6.0, 451.8
2009-08-01,   7.0, 412.0
2009-08-02,   8.3, 373.0
2009-08-03,   9.5, 409.8
2009-08-04,  12.3, 394.8
2009-08-05,  12.9, 397.5
2009-08-06,   9.9, 423.2
2009-08-07,   9.2, 426.1
2009-08-08,   9.5, 391.9
2009-08-09,   8.4, 372.2
2009-08-10,  10.9, 398.5
2009-08-11,  11.9, 398.0
2009-08-12,  14.1, 387.9
2009-08-13,  14.5, 386.3
2009-08-14,  17.6, 375.6
2009-08-15,  22.7, 358.9
2009-08-16,  11.3, 348.9
2009-08-17,  10.5, 401.8
2009-08-18,  10.6, 408.5
2009-08-19,  10.8, 414.3
2009-08-20,   8.8, 432.0
2009-08-21,   9.4, 424.5
2009-08-22,  12.1, 371.1
2009-08-23,  12.2, 341.7
2009-08-24,  13.8, 375.3
2009-08-25,  17.3, 369.2
2009-08-26,  19.5, 376.6
2009-08-27,  20.1, 378.3
2009-08-28,  20.1, 375.6
2009-08-29,  22.6, 356.7
2009-08-30,  23.6, 349.6
2009-08-31,  15.0, 365.7
2009-09-01,  13.5, 385.2
2009-09-02,  14.1, 387.9
2009-09-03,  13.0, 398.3
2009-09-04,  12.4, 400.5
2009-09-05,  13.4, 360.7
2009-09-06,  15.4, 316.1
2009-09-07,  14.4, 370.5
2009-09-08,   8.8, 422.9
2009-09-09,   8.4, 433.6
2009-09-10,  10.0, 422.4
2009-09-11,  10.5, 415.7
2009-09-12,  12.6, 367.1
2009-09-13,  13.8, 328.9
2009-09-14,  15.6, 361.7
2009-09-15,  16.2, 369.2
2009-09-16,  15.1, 379.8
2009-09-17,  12.6, 401.5
2009-09-18,  11.3, 409.3
2009-09-19,  11.2, 378.3
2009-09-20,  12.7, 337.7
2009-09-21,  14.8, 367.3
2009-09-22,  10.8, 406.9
2009-09-23,   8.3, 434.4
2009-09-24,  10.1, 421.6
2009-09-25,  12.4, 400.5
2009-09-26,  14.3, 353.4
2009-09-27,  10.5, 355.4
2009-09-28,   7.8, 423.4
2009-09-29,   8.5, 425.3
2009-09-30,   9.6, 423.9
2009-10-01,  11.9, 407.1
2009-10-02,  12.8, 397.3
2009-10-03,  15.6, 343.8
2009-10-04,  17.0, 315.3
2009-10-05,  19.6, 361.7
2009-10-06,  14.5, 377.2
2009-10-07,  11.1, 411.9
2009-10-08,  12.5, 402.3
2009-10-09,  14.8, 381.2
2009-10-10,  17.9, 343.8
2009-10-11,  16.2, 315.3
2009-10-12,  14.8, 367.3
2009-10-13,  17.7, 369.2
2009-10-14,  12.5, 400.7
2009-10-15,  12.2, 404.7
2009-10-16,  13.5, 391.7
2009-10-17,  14.5, 351.8
2009-10-18,  15.8, 315.3
2009-10-19,  16.7, 361.7
2009-10-20,  17.2, 369.2
2009-10-21,  14.8, 382.2
2009-10-22,  15.9, 378.3
2009-10-23,  20.4, 375.6
2009-10-24,  14.8, 349.4
2009-10-25,  15.9, 315.3
2009-10-26,  13.7, 376.1
2009-10-27,  16.1, 369.2
2009-10-28,  19.1, 376.6
2009-10-29,  22.7, 393.3
2009-10-30,  24.5, 429.3
2009-10-31,  18.9, 343.8
2009-11-01,  20.4, 315.3
2009-11-02,  20.5, 361.7
2009-11-03,  17.3, 369.2
2009-11-04,  16.0, 376.6
2009-11-05,  17.8, 378.3
2009-11-06,  19.0, 375.6
2009-11-07,  16.3, 343.8
2009-11-08,  17.1, 315.3
2009-11-09,  17.0, 361.7
2009-11-10,  16.3, 369.2
2009-11-11,  19.3, 376.6
2009-11-12,  21.0, 378.3
2009-11-13,  22.3, 382.1
2009-11-14,  20.4, 343.8
2009-11-15,  19.2, 315.3
2009-11-16,  21.5, 361.7
2009-11-17,  22.3, 375.6
2009-11-18,  19.6, 376.6
2009-11-19,  21.0, 378.3
2009-11-20,  20.9, 375.6
2009-11-21,  19.0, 343.8
2009-11-22,  21.6, 315.3
2009-11-23,  19.9, 361.7
2009-11-24,  21.9, 369.2
2009-11-25,  23.7, 413.1
2009-11-26,  21.9, 378.3
2009-11-27,  19.4, 375.6
2009-11-28,  21.1, 343.8
2009-11-29,  20.3, 315.3
2009-11-30,  19.0, 361.7
2009-12-01,  20.6, 369.2
2009-12-02,  21.6, 376.6
2009-12-03,  16.2, 378.3
2009-12-04,  16.5, 375.6
2009-12-05,  16.9, 343.8
2009-12-06,  16.9, 315.3
2009-12-07,  16.8, 361.7
2009-12-08,  18.9, 369.2
2009-12-09,  21.1, 376.6
2009-12-10,  22.7, 393.3
2009-12-11,  21.4, 375.6
2009-12-12,  18.5, 343.8
2009-12-13,  18.9, 315.3
2009-12-14,  21.7, 361.7
2009-12-15,  20.6, 369.2
2009-12-16,  20.6, 376.6
2009-12-17,  22.1, 380.4
2009-12-18,  23.6, 410.0
2009-12-19,  25.1, 410.4
2009-12-20,  22.5, 326.0
2009-12-21,  21.9, 361.7
2009-12-22,  24.2, 416.4
2009-12-23,  25.0, 441.1
2009-12-24,  24.0, 421.2
2009-12-25,  22.8, 392.8
2009-12-26,  23.8, 382.5
2009-12-27,  24.1, 360.4
2009-12-28,  23.4, 391.7
2009-12-29,  23.1, 392.8
2009-12-30,  21.8, 376.6
2009-12-31,  21.1, 378.3
2010-01-01,  21.6, 375.6
2010-01-02,  23.5, 376.0
2010-01-03,  24.9, 377.6
2010-01-04,  23.9, 402.5
2010-01-05,  25.0, 433.6
2010-01-06,  21.8, 376.6
2010-01-07,  20.4, 378.3
2010-01-08,  21.6, 375.6
2010-01-09,  24.2, 391.1
2010-01-10,  24.8, 375.4
2010-01-11,  24.4, 413.2
2010-01-12,  21.6, 369.2
2010-01-13,  20.8, 376.6
2010-01-14,  23.0, 399.7
2010-01-15,  24.8, 435.8
2010-01-16,  22.8, 361.0
2010-01-17,  25.2, 384.0
2010-01-18,  26.2, 451.9
2010-01-19,  23.4, 399.2
2010-01-20,  22.8, 393.8
2010-01-21,  25.6, 455.6
2010-01-22,  25.1, 442.2
2010-01-23,  25.3, 414.7
2010-01-24,  25.2, 384.0
2010-01-25,  25.6, 439.0
2010-01-26,  25.7, 448.6
2010-01-27,  26.0, 462.5
2010-01-28,  26.5, 474.9
2010-01-29,  27.2, 487.3
2010-01-30,  26.9, 449.1
2010-01-31,  25.8, 396.9
2010-02-01,  26.8, 464.8
2010-02-02,  25.5, 444.4
2010-02-03,  26.6, 475.4
2010-02-04,  24.5, 432.0
2010-02-05,  24.7, 433.6
2010-02-06,  24.7, 401.8
2010-02-07,  25.0, 379.7
2010-02-08,  23.6, 396.0
2010-02-09,  24.5, 422.9
2010-02-10,  24.4, 428.2
2010-02-11,  25.4, 451.3
2010-02-12,  26.0, 461.5
2010-02-13,  26.6, 442.6
2010-02-14,  21.6, 315.3
2010-02-15,  21.9, 361.7
2010-02-16,  20.4, 369.2
2010-02-17,  21.6, 376.6
2010-02-18,  23.9, 419.1
2010-02-19,  25.9, 459.4
2010-02-20,  23.4, 373.9
2010-02-21,  22.5, 326.0
2010-02-22,  23.6, 396.0
2010-02-23,  21.4, 369.2
2010-02-24,  17.9, 376.6
2010-02-25,  16.5, 378.3
2010-02-26,  18.3, 375.6
2010-02-27,  20.8, 343.8
2010-02-28,  20.9, 315.3
2010-03-01,  22.0, 361.7
2010-03-02,  23.5, 401.4
2010-03-03,  22.4, 385.2
2010-03-04,  23.3, 406.2
2010-03-05,  22.6, 388.5
2010-03-06,  22.1, 346.0
2010-03-07,  22.0, 315.3
2010-03-08,  22.3, 368.1
2010-03-09,  24.1, 414.3
2010-03-10,  23.8, 415.3
2010-03-11,  21.1, 378.3
2010-03-12,  18.5, 375.6
2010-03-13,  21.5, 343.8
2010-03-14,  20.6, 315.3
2010-03-15,  17.3, 361.7
2010-03-16,  17.8, 369.2
2010-03-17,  20.8, 376.6
2010-03-18,  21.8, 378.3
2010-03-19,  22.3, 382.1
2010-03-20,  20.4, 343.8
2010-03-21,  19.4, 315.3
2010-03-22,  19.1, 361.7
2010-03-23,  19.7, 369.2
2010-03-24,  19.6, 376.6
2010-03-25,  18.5, 378.3
2010-03-26,  19.2, 375.6
2010-03-27,  21.0, 343.8
2010-03-28,  21.9, 315.3
2010-03-29,  21.3, 361.7
2010-03-30,  22.3, 375.6
2010-03-31,  23.8, 415.3
2010-04-01,  22.1, 380.4
2010-04-02,  18.5, 375.6
2010-04-03,  17.2, 343.8
2010-04-04,  13.9, 328.1
2010-04-05,  13.9, 374.5
2010-04-06,  16.0, 369.2
2010-04-07,  16.8, 376.6
2010-04-08,  17.4, 378.3
2010-04-09,  18.7, 375.6
2010-04-10,  19.3, 343.8
2010-04-11,  20.1, 315.3
2010-04-12,  21.1, 361.7
2010-04-13,  18.6, 369.2
2010-04-14,  13.3, 394.3
2010-04-15,  14.1, 389.5
2010-04-16,  14.8, 381.2
2010-04-17,  16.3, 343.8
2010-04-18,  19.4, 315.3
2010-04-19,  18.3, 361.7
2010-04-20,  16.7, 369.2
2010-04-21,  16.1, 376.6
2010-04-22,  14.0, 390.3
2010-04-23,  10.4, 416.5
2010-04-24,  11.9, 372.7
2010-04-25,  14.7, 321.7
2010-04-26,  13.7, 376.1
2010-04-27,  14.1, 380.4
2010-04-28,  15.0, 380.6
2010-04-29,  13.8, 391.9
2010-04-30,  15.9, 375.6
2010-05-01,  17.9, 343.8
2010-05-02,  18.3, 315.3
2010-05-03,  17.0, 361.7
2010-05-04,  14.9, 374.0
2010-05-05,  15.2, 379.0
2010-05-06,  15.8, 378.3
2010-05-07,  10.9, 412.5
2010-05-08,  11.6, 375.1
2010-05-09,  11.7, 345.7
2010-05-10,  11.6, 392.9
2010-05-11,  13.1, 388.4
2010-05-12,  14.2, 387.0
2010-05-13,  14.9, 383.1
2010-05-14,  17.4, 375.6
2010-05-15,  14.3, 353.4
2010-05-16,   9.9, 360.2
2010-05-17,  11.4, 394.5
2010-05-18,  13.3, 386.8
2010-05-19,  15.8, 376.6
2010-05-20,  15.3, 379.9
2010-05-21,  17.1, 375.6
2010-05-22,  18.0, 343.8
2010-05-23,  17.9, 315.3
2010-05-24,  16.3, 361.7
2010-05-25,  14.4, 378.0
2010-05-26,  13.7, 391.1
2010-05-27,  15.4, 379.1
2010-05-28,  16.3, 375.6
2010-05-29,  15.3, 345.4
2010-05-30,  12.3, 340.9
2010-05-31,   9.5, 409.8
2010-06-01,  10.7, 407.7
2010-06-02,  12.2, 403.1
2010-06-03,  13.2, 396.7
2010-06-04,  12.4, 400.5
2010-06-05,  12.5, 367.9
2010-06-06,  13.5, 331.3
2010-06-07,  11.8, 391.3
2010-06-08,  10.1, 412.5
2010-06-09,   9.0, 428.7
2010-06-10,   9.4, 427.2
2010-06-11,  11.8, 405.3
2010-06-12,  12.8, 365.5
2010-06-13,  13.7, 329.7
2010-06-14,  15.3, 363.3
2010-06-15,  11.9, 398.0
2010-06-16,  11.2, 411.1
2010-06-17,  11.2, 412.7
2010-06-18,  12.0, 403.7
2010-06-19,  11.2, 378.3
2010-06-20,  10.3, 357.0
2010-06-21,   6.2, 436.2
2010-06-22,   9.9, 414.1
2010-06-23,  13.4, 393.5
2010-06-24,  13.3, 395.9
2010-06-25,   9.8, 421.3
2010-06-26,  11.3, 377.5
2010-06-27,  10.4, 356.2
2010-06-28,   8.5, 417.8
2010-06-29,   9.3, 418.9
2010-06-30,  11.1, 411.9
2010-07-01,  14.9, 383.1
2010-07-02,  14.8, 381.2
2010-07-03,  17.6, 343.8
2010-07-04,  19.6, 315.3
2010-07-05,  16.9, 361.7
2010-07-06,  13.9, 382.0
2010-07-07,  11.7, 407.1
2010-07-08,   9.9, 423.2
2010-07-09,   9.3, 425.3
2010-07-10,   9.2, 394.3
2010-07-11,  13.4, 332.1
2010-07-12,   6.5, 433.8
2010-07-13,   6.7, 439.7
2010-07-14,   6.6, 448.0
2010-07-15,   4.0, 470.5
2010-07-16,   1.1, 491.1
2010-07-17,   4.3, 433.6
2010-07-18,   8.1, 374.6
2010-07-19,   7.9, 422.6
2010-07-20,   8.7, 423.7
2010-07-21,   7.3, 442.4
2010-07-22,   6.1, 453.6
2010-07-23,   6.2, 450.2
2010-07-24,   8.0, 404.0
2010-07-25,   8.7, 369.8
2010-07-26,   9.0, 413.8
2010-07-27,   9.6, 416.5
2010-07-28,  11.0, 412.7
2010-07-29,   9.5, 426.4
2010-07-30,  11.7, 406.1
2010-07-31,   9.2, 394.3
2010-08-01,   5.2, 397.8
2010-08-02,   0.1, 485.1
2010-08-03,   4.6, 456.6
2010-08-04,   5.3, 458.4
2010-08-05,   7.0, 446.4
2010-08-06,   9.2, 426.1
2010-08-07,   9.6, 391.1
2010-08-08,   9.0, 367.4
2010-08-09,   9.1, 413.0
2010-08-10,   9.4, 418.1
2010-08-11,  10.0, 420.7
2010-08-12,  10.6, 417.6
2010-08-13,   7.0, 443.8
2010-08-14,   5.8, 421.6
2010-08-15,   7.5, 379.4
2010-08-16,  10.7, 400.1
2010-08-17,  12.6, 392.4
2010-08-18,  15.2, 379.0
2010-08-19,  13.2, 396.7
2010-08-20,  10.8, 413.3
2010-08-21,  14.0, 355.9
2010-08-22,  15.7, 315.3
2010-08-23,  16.1, 361.7
2010-08-24,  12.6, 392.4
2010-08-25,  10.5, 416.7
2010-08-26,  11.2, 412.7
2010-08-27,  14.2, 386.0
2010-08-28,  16.7, 343.8
2010-08-29,  12.5, 339.3
2010-08-30,  11.1, 396.9
2010-08-31,  13.5, 385.2
2010-09-01,  10.2, 419.1
2010-09-02,  10.4, 419.2
2010-09-03,  12.3, 401.3
2010-09-04,  10.8, 381.5
2010-09-05,  11.6, 346.5
2010-09-06,  14.1, 372.9
2010-09-07,  14.2, 379.6
2010-09-08,  14.6, 383.8
2010-09-09,  16.1, 378.3
2010-09-10,  18.9, 375.6
2010-09-11,  14.9, 348.6
2010-09-12,  12.4, 340.1
2010-09-13,  12.2, 388.1
2010-09-14,  12.4, 394.0
2010-09-15,  14.0, 388.7
2010-09-16,  13.6, 393.5
2010-09-17,  10.4, 416.5
2010-09-18,  11.3, 377.5
2010-09-19,  14.4, 324.1
2010-09-20,  16.5, 361.7
2010-09-21,  16.5, 369.2
2010-09-22,  16.4, 376.6
2010-09-23,  13.3, 395.9
2010-09-24,  12.4, 400.5
2010-09-25,  14.6, 351.0
2010-09-26,  15.9, 315.3
2010-09-27,  15.7, 361.7
2010-09-28,  15.2, 371.6
2010-09-29,  13.8, 390.3
2010-09-30,  12.6, 401.5
2010-10-01,  10.3, 417.3
2010-10-02,  12.1, 371.1
2010-10-03,  14.2, 325.7
2010-10-04,  15.3, 363.3
2010-10-05,  16.1, 369.2
2010-10-06,  16.4, 376.6
2010-10-07,  14.9, 383.1
2010-10-08,  13.3, 393.3
2010-10-09,  14.8, 349.4
2010-10-10,  15.4, 316.1
2010-10-11,  16.0, 361.7
2010-10-12,  16.7, 369.2
2010-10-13,  17.9, 376.6
2010-10-14,  16.9, 378.3
2010-10-15,  14.0, 387.6
2010-10-16,  14.2, 354.3
2010-10-17,  12.1, 342.5
2010-10-18,  13.4, 378.5
2010-10-19,  17.5, 369.2
2010-10-20,  19.4, 376.6
2010-10-21,  19.9, 378.3
2010-10-22,  15.8, 375.6
2010-10-23,  13.3, 361.5
2010-10-24,  14.9, 320.1
2010-10-25,  15.6, 361.7
2010-10-26,  15.8, 369.2
2010-10-27,  15.6, 376.6
2010-10-28,  17.6, 378.3
2010-10-29,  16.1, 375.6
2010-10-30,  14.9, 348.6
2010-10-31,  16.5, 315.3
2010-11-01,  16.9, 361.7
2010-11-02,  18.8, 369.2
2010-11-03,  21.0, 376.6
2010-11-04,  19.0, 378.3
2010-11-05,  18.7, 375.6
2010-11-06,  20.7, 343.8
2010-11-07,  23.4, 345.3
2010-11-08,  17.3, 361.7
2010-11-09,  14.5, 377.2
2010-11-10,  13.4, 393.5
2010-11-11,  14.7, 384.7
2010-11-12,  16.5, 375.6
2010-11-13,  17.7, 343.8
2010-11-14,  18.1, 315.3
2010-11-15,  18.0, 361.7
2010-11-16,  17.4, 369.2
2010-11-17,  17.5, 376.6
2010-11-18,  18.9, 378.3
2010-11-19,  21.4, 375.6
2010-11-20,  21.5, 343.8
2010-11-21,  22.2, 319.6
2010-11-22,  20.1, 361.7
2010-11-23,  20.0, 369.2
2010-11-24,  21.8, 376.6
2010-11-25,  22.8, 395.4
2010-11-26,  24.9, 437.9
2010-11-27,  22.4, 352.4
2010-11-28,  18.0, 315.3
2010-11-29,  18.6, 361.7
2010-11-30,  22.7, 384.2
2010-12-01,  25.0, 441.1
2010-12-02,  23.8, 416.9
2010-12-03,  21.4, 375.6
2010-12-04,  21.5, 343.8
2010-12-05,  21.2, 315.3
2010-12-06,  23.7, 398.2
2010-12-07,  25.5, 444.4
2010-12-08,  22.1, 378.8
2010-12-09,  20.8, 378.3
2010-12-10,  21.4, 375.6
2010-12-11,  21.9, 343.8
2010-12-12,  15.8, 315.3
2010-12-13,  18.7, 361.7
2010-12-14,  22.9, 388.5
2010-12-15,  24.7, 434.6
2010-12-16,  24.6, 434.1
2010-12-17,  26.3, 468.0
2010-12-18,  19.7, 343.8
2010-12-19,  21.0, 315.3
2010-12-20,  24.1, 406.8
2010-12-21,  25.8, 450.8
2010-12-22,  27.5, 494.8
2010-12-23,  27.5, 496.4
2010-12-24,  26.3, 468.0
2010-12-25,  27.8, 468.4
2010-12-26,  26.0, 401.2
2010-12-27,  27.4, 477.7
2010-12-28,  27.8, 493.8
2010-12-29,  25.5, 451.8
2010-12-30,  25.0, 442.7
2010-12-31,  24.9, 437.9
2011-01-01,  24.7, 401.8
2011-01-02,  24.3, 364.7
2011-01-03,  24.6, 417.5
2011-01-04,  24.1, 414.3
2011-01-05,  24.5, 430.3
2011-01-06,  24.6, 434.1
2011-01-07,  25.6, 452.9
2011-01-08,  25.1, 410.4
2011-01-09,  24.2, 362.5
2011-01-10,  23.4, 391.7
2011-01-11,  22.7, 384.2
2011-01-12,  23.1, 400.3
2011-01-13,  24.6, 434.1
2011-01-14,  25.0, 440.1
2011-01-15,  25.0, 408.3
2011-01-16,  26.1, 403.3
2011-01-17,  22.2, 366.0
2011-01-18,  24.0, 412.1
2011-01-19,  24.7, 434.6
2011-01-20,  22.1, 380.4
2011-01-21,  22.2, 379.9
2011-01-22,  24.3, 393.2
2011-01-23,  26.0, 401.2
2011-01-24,  27.4, 477.7
2011-01-25,  27.9, 495.9
2011-01-26,  26.3, 469.0
2011-01-27,  24.7, 436.3
2011-01-28,  25.9, 459.4
2011-01-29,  23.6, 378.2
2011-01-30,  25.7, 394.7
2011-01-31,  25.5, 436.8
2011-02-01,  19.7, 369.2
2011-02-02,  22.1, 378.8
2011-02-03,  25.6, 455.6
2011-02-04,  22.1, 377.8
2011-02-05,  24.3, 393.2
2011-02-06,  19.9, 315.3
2011-02-07,  21.7, 361.7
2011-02-08,  20.5, 369.2
2011-02-09,  20.3, 376.6
2011-02-10,  20.8, 378.3
2011-02-11,  21.1, 375.6
2011-02-12,  21.8, 343.8
2011-02-13,  24.1, 360.4
2011-02-14,  22.0, 361.7
2011-02-15,  23.3, 397.1
2011-02-16,  23.8, 415.3
2011-02-17,  25.8, 459.9
2011-02-18,  24.0, 418.6
2011-02-19,  22.3, 350.3
2011-02-20,  22.6, 328.2
2011-02-21,  23.0, 383.1
2011-02-22,  23.3, 397.1
2011-02-23,  22.1, 378.8
2011-02-24,  21.6, 378.3
2011-02-25,  20.9, 375.6
2011-02-26,  21.0, 343.8
2011-02-27,  23.4, 345.3
2011-02-28,  22.6, 374.5
2011-03-01,  21.9, 369.2
2011-03-02,  22.7, 391.7
2011-03-03,  23.2, 404.0
2011-03-04,  23.4, 405.7
2011-03-05,  23.2, 369.6
2011-03-06,  23.8, 353.9
2011-03-07,  24.3, 411.1
2011-03-08,  25.4, 442.2
2011-03-09,  25.7, 456.1
2011-03-10,  25.1, 444.8
2011-03-11,  25.0, 440.1
2011-03-12,  24.7, 401.8
2011-03-13,  16.6, 315.3
2011-03-14,  16.0, 361.7
2011-03-15,  18.0, 369.2
2011-03-16,  20.7, 376.6
2011-03-17,  20.8, 378.3
2011-03-18,  19.0, 375.6
2011-03-19,  18.7, 343.8
2011-03-20,  20.3, 315.3
2011-03-21,  22.0, 361.7
2011-03-22,  24.7, 427.2
2011-03-23,  17.6, 376.6
2011-03-24,  16.7, 378.3
2011-03-25,  18.0, 375.6
2011-03-26,  19.3, 343.8
2011-03-27,  15.8, 315.3
2011-03-28,  16.7, 361.7
2011-03-29,  17.8, 369.2
2011-03-30,  18.5, 376.6
2011-03-31,  20.1, 378.3
2011-04-01,  20.7, 375.6
2011-04-02,  20.2, 343.8
2011-04-03,  20.6, 315.3
2011-04-04,  16.6, 361.7
2011-04-05,  17.7, 369.2
2011-04-06,  17.6, 376.6
2011-04-07,  19.4, 378.3
2011-04-08,  18.0, 375.6
2011-04-09,  16.0, 343.8
2011-04-10,  18.1, 315.3
2011-04-11,  20.1, 361.7
2011-04-12,  21.1, 369.2
2011-04-13,  21.8, 376.6
2011-04-14,  18.3, 378.3
2011-04-15,  15.1, 378.8
2011-04-16,  16.4, 343.8
2011-04-17,  16.6, 315.3
2011-04-18,  14.5, 369.7
2011-04-19,  15.8, 369.2
2011-04-20,  15.2, 379.0
2011-04-21,  15.8, 378.3
2011-04-22,  18.9, 375.6
2011-04-23,  14.2, 354.3
2011-04-24,  14.5, 323.3
2011-04-25,  14.8, 367.3
2011-04-26,  16.4, 369.2
2011-04-27,  17.9, 376.6
2011-04-28,  18.2, 378.3
2011-04-29,  17.9, 375.6
2011-04-30,  16.8, 343.8
2011-05-01,  12.6, 338.5
2011-05-02,   9.9, 406.6
2011-05-03,  10.3, 410.9
2011-05-04,  13.6, 391.9
2011-05-05,  15.0, 382.3
2011-05-06,  12.6, 398.9
2011-05-07,  14.5, 351.8
2011-05-08,  13.4, 332.1
2011-05-09,  11.1, 396.9
2011-05-10,  14.6, 376.4
2011-05-11,  17.0, 376.6
2011-05-12,  14.6, 385.5
2011-05-13,  15.5, 375.6
2011-05-14,  15.1, 347.0
2011-05-15,  14.0, 327.3
2011-05-16,  13.9, 374.5
2011-05-17,  13.6, 384.4
2011-05-18,  14.1, 387.9
2011-05-19,  14.8, 383.9
2011-05-20,  17.0, 375.6
2011-05-21,  17.6, 343.8
2011-05-22,  15.9, 315.3
2011-05-23,  10.3, 403.4
2011-05-24,  12.0, 397.2
2011-05-25,  13.1, 395.9
2011-05-26,  11.3, 411.9
2011-05-27,  11.8, 405.3
2011-05-28,  12.1, 371.1
2011-05-29,  11.4, 348.1
2011-05-30,  11.5, 393.7
2011-05-31,  12.4, 394.0
2011-06-01,  12.1, 403.9
2011-06-02,  11.3, 411.9
2011-06-03,  10.3, 417.3
2011-06-04,   7.1, 411.2
2011-06-05,   8.3, 373.0
2011-06-06,   9.5, 409.8
2011-06-07,   9.0, 421.3
2011-06-08,   9.4, 425.5
2011-06-09,  11.2, 412.7
2011-06-10,  11.8, 405.3
2011-06-11,  13.3, 361.5
2011-06-12,  13.5, 331.3
2011-06-13,   9.9, 406.6
2011-06-14,  10.3, 410.9
2011-06-15,  14.2, 387.0
2011-06-16,  15.9, 378.3
2011-06-17,  12.7, 398.1
2011-06-18,  13.3, 361.5
2011-06-19,  16.3, 315.3
2011-06-20,  12.7, 384.1
2011-06-21,  10.9, 406.1
2011-06-22,  10.9, 413.5
2011-06-23,  11.1, 413.5
2011-06-24,   9.5, 423.7
2011-06-25,   7.3, 409.6
2011-06-26,   5.3, 397.0
2011-06-27,   5.7, 440.2
2011-06-28,   7.0, 437.3
2011-06-29,   8.0, 436.8
2011-06-30,   7.5, 442.4
2011-07-01,   4.5, 463.8
2011-07-02,   0.8, 461.7
2011-07-03,   4.1, 406.7
2011-07-04,   0.6, 481.1
2011-07-05,   5.6, 448.5
2011-07-06,   5.3, 458.4
2011-07-07,   7.2, 444.8
2011-07-08,   8.9, 428.5
2011-07-09,  10.6, 383.1
2011-07-10,  10.7, 353.8
2011-07-11,  12.9, 382.5
2011-07-12,  13.9, 382.0
2011-07-13,  10.1, 419.9
2011-07-14,  12.0, 406.3
2011-07-15,  15.1, 378.8
2011-07-16,  11.4, 376.7
2011-07-17,   9.1, 366.6
2011-07-18,  10.9, 398.5
2011-07-19,   8.0, 429.3
2011-07-20,   8.5, 432.7
2011-07-21,   8.3, 436.0
2011-07-22,   9.2, 426.1
2011-07-23,   9.8, 389.5
2011-07-24,  11.8, 344.9
2011-07-25,  16.9, 361.7
2011-07-26,  11.7, 399.6
2011-07-27,  10.6, 415.9
2011-07-28,  12.5, 402.3
2011-07-29,   9.5, 423.7
2011-07-30,   5.3, 425.6
2011-07-31,   5.5, 395.4
2011-08-01,   5.7, 440.2
2011-08-02,   7.3, 434.9
2011-08-03,   9.0, 428.7
2011-08-04,   6.0, 454.4
2011-08-05,   9.6, 422.9
2011-08-06,  10.5, 383.9
2011-08-07,  11.8, 344.9
2011-08-08,  12.9, 382.5
2011-08-09,  14.4, 378.0
2011-08-10,  15.2, 379.0
2011-08-11,  16.3, 378.3
2011-08-12,  15.9, 375.6
2011-08-13,  12.2, 370.3
2011-08-14,  10.6, 354.6
2011-08-15,  11.3, 395.3
2011-08-16,  12.5, 393.2
2011-08-17,  12.2, 403.1
2011-08-18,  12.3, 403.9
2011-08-19,   9.0, 427.7
2011-08-20,   7.0, 412.0
2011-08-21,   5.7, 393.8
2011-08-22,   6.4, 434.6
2011-08-23,   7.7, 431.7
2011-08-24,  11.4, 409.5
2011-08-25,  11.5, 410.3
2011-08-26,   9.1, 426.9
2011-08-27,  11.2, 378.3
2011-08-28,  12.1, 342.5
2011-08-29,  10.8, 399.3
2011-08-30,  11.0, 405.3
2011-08-31,   9.3, 426.3
2011-09-01,   9.5, 426.4
2011-09-02,  12.0, 403.7
2011-09-03,  16.5, 343.8
2011-09-04,  13.1, 334.5
2011-09-05,  11.6, 392.9
2011-09-06,  11.9, 398.0
2011-09-07,  13.8, 390.3
2011-09-08,  13.5, 394.3
2011-09-09,  15.4, 376.4
2011-09-10,  15.3, 345.4
2011-09-11,  11.6, 346.5
2011-09-12,  16.7, 361.7
2011-09-13,  12.8, 390.8
2011-09-14,  12.6, 399.9
2011-09-15,  14.7, 384.7
2011-09-16,  17.7, 375.6
2011-09-17,  16.7, 343.8
2011-09-18,  12.4, 340.1
2011-09-19,  13.4, 378.5
2011-09-20,  13.8, 382.8
2011-09-21,  16.0, 376.6
2011-09-22,  12.6, 401.5
2011-09-23,  11.6, 406.9
2011-09-24,  13.3, 361.5
2011-09-25,  16.8, 315.3
2011-09-26,  18.2, 361.7
2011-09-27,  17.0, 369.2
2011-09-28,  19.1, 376.6
2011-09-29,  17.9, 378.3
2011-09-30,  15.9, 375.6
2011-10-01,  15.7, 343.8
2011-10-02,  15.5, 315.3
2011-10-03,  11.3, 395.3
2011-10-04,  13.1, 388.4
2011-10-05,  15.0, 380.6
2011-10-06,  17.4, 378.3
2011-10-07,  16.1, 375.6
2011-10-08,  17.1, 343.8
2011-10-09,  16.0, 315.3
2011-10-10,  16.4, 361.7
2011-10-11,  16.4, 369.2
2011-10-12,  16.0, 376.6
2011-10-13,  17.3, 378.3
2011-10-14,  15.5, 375.6
2011-10-15,  18.1, 343.8
2011-10-16,  17.5, 315.3
2011-10-17,  14.8, 367.3
2011-10-18,  14.7, 375.6
2011-10-19,  16.8, 376.6
2011-10-20,  18.7, 378.3
2011-10-21,  19.4, 375.6
2011-10-22,  17.6, 343.8
2011-10-23,  16.4, 315.3
2011-10-24,  17.2, 361.7
2011-10-25,  16.8, 369.2
2011-10-26,  14.0, 388.7
2011-10-27,  14.2, 388.7
2011-10-28,  17.6, 375.6
2011-10-29,  18.0, 343.8
2011-10-30,  14.2, 325.7
2011-10-31,  14.6, 368.9
2011-11-01,  17.1, 369.2
2011-11-02,  18.9, 376.6
2011-11-03,  21.8, 378.3
2011-11-04,  21.4, 375.6
2011-11-05,  21.4, 343.8
2011-11-06,  19.4, 315.3
2011-11-07,  22.1, 363.8
2011-11-08,  23.7, 405.7
2011-11-09,  21.6, 376.6
2011-11-10,  17.0, 378.3
2011-11-11,  17.5, 375.6
2011-11-12,  20.1, 343.8
2011-11-13,  20.3, 315.3
2011-11-14,  19.4, 361.7
2011-11-15,  20.4, 369.2
2011-11-16,  21.9, 376.6
2011-11-17,  20.5, 378.3
2011-11-18,  22.2, 379.9
2011-11-19,  24.3, 393.2
2011-11-20,  21.6, 315.3
2011-11-21,  20.8, 361.7
2011-11-22,  19.7, 369.2
2011-11-23,  20.5, 376.6
2011-11-24,  23.0, 399.7
2011-11-25,  24.8, 435.8
2011-11-26,  24.1, 388.9
2011-11-27,  25.6, 392.6
2011-11-28,  26.0, 447.6
2011-11-29,  24.9, 431.5
2011-11-30,  17.9, 376.6
2011-12-01,  16.5, 378.3
2011-12-02,  19.8, 375.6
2011-12-03,  21.3, 343.8
2011-12-04,  21.5, 315.3
2011-12-05,  23.0, 383.1
2011-12-06,  23.2, 394.9
2011-12-07,  22.7, 391.7
2011-12-08,  24.2, 425.5
2011-12-09,  22.8, 392.8
2011-12-10,  24.5, 397.5
2011-12-11,  23.8, 353.9
2011-12-12,  20.8, 361.7
2011-12-13,  18.9, 369.2
2011-12-14,  19.8, 376.6
2011-12-15,  19.8, 378.3
2011-12-16,  19.4, 375.6
2011-12-17,  19.6, 343.8
2011-12-18,  21.2, 315.3
2011-12-19,  22.4, 370.3
2011-12-20,  25.1, 435.8
2011-12-21,  27.7, 499.1
2011-12-22,  25.0, 442.7
2011-12-23,  18.1, 375.6
2011-12-24,  16.7, 343.8
2011-12-25,  18.3, 315.3
2011-12-26,  21.2, 361.7
2011-12-27,  22.7, 384.2
2011-12-28,  23.2, 402.4
2011-12-29,  24.0, 421.2
2011-12-30,  24.2, 422.9
2011-12-31,  24.1, 388.9
2012-01-01,  23.6, 349.6
2012-01-02,  25.8, 443.3
2012-01-03,  22.5, 379.9
2012-01-04,  22.8, 393.8
2012-01-05,  26.3, 470.6
2012-01-06,  27.1, 485.2
2012-01-07,  23.7, 380.3
2012-01-08,  25.5, 390.4
2012-01-09,  29.5, 522.8
2012-01-10,  31.0, 562.5
2012-01-11,  24.6, 432.5
2012-01-12,  21.5, 378.3
2012-01-13,  20.9, 375.6
2012-01-14,  21.2, 343.8
2012-01-15,  23.2, 341.0
2012-01-16,  25.5, 436.8
2012-01-17,  25.9, 452.9
2012-01-18,  26.3, 469.0
2012-01-19,  27.5, 496.4
2012-01-20,  29.0, 526.0
2012-01-21,  28.6, 485.6
2012-01-22,  25.9, 399.0
2012-01-23,  25.4, 434.7
2012-01-24,  24.6, 425.0
2012-01-25,  19.9, 376.6
2012-01-26,  21.4, 378.3
2012-01-27,  23.2, 401.4
2012-01-28,  24.4, 395.4
2012-01-29,  26.9, 420.5
2012-01-30,  28.9, 509.9
2012-01-31,  25.6, 446.5
2012-02-01,  24.8, 436.8
2012-02-02,  24.5, 432.0
2012-02-03,  25.2, 444.4
2012-02-04,  27.2, 455.5
2012-02-05,  26.7, 416.2
2012-02-06,  27.1, 471.2
2012-02-07,  28.0, 498.0
2012-02-08,  25.4, 449.7
2012-02-09,  21.0, 378.3
2012-02-10,  20.5, 375.6
2012-02-11,  22.0, 343.8
2012-02-12,  24.2, 362.5
2012-02-13,  25.4, 434.7
2012-02-14,  26.5, 465.8
2012-02-15,  28.3, 511.9
2012-02-16,  27.8, 502.8
2012-02-17,  27.8, 500.2
2012-02-18,  29.3, 500.6
2012-02-19,  24.3, 364.7
2012-02-20,  23.8, 400.3
2012-02-21,  21.4, 369.2
2012-02-22,  20.1, 376.6
2012-02-23,  19.7, 378.3
2012-02-24,  21.2, 375.6
2012-02-25,  22.9, 363.2
2012-02-26,  20.0, 315.3
2012-02-27,  21.3, 361.7
2012-02-28,  21.2, 369.2
2012-02-29,  20.6, 376.6
2012-03-01,  20.6, 378.3
2012-03-02,  20.8, 375.6
2012-03-03,  23.3, 371.8
2012-03-04,  25.1, 381.9
2012-03-05,  25.5, 436.8
2012-03-06,  23.2, 394.9
2012-03-07,  24.3, 426.0
2012-03-08,  23.8, 416.9
2012-03-09,  23.6, 410.0
2012-03-10,  25.6, 421.2
2012-03-11,  25.3, 386.1
2012-03-12,  25.9, 445.4
2012-03-13,  23.3, 397.1
2012-03-14,  19.2, 376.6
2012-03-15,  17.6, 378.3
2012-03-16,  19.2, 375.6
2012-03-17,  21.3, 343.8
2012-03-18,  23.3, 343.2
2012-03-19,  24.4, 413.2
2012-03-20,  21.1, 369.2
2012-03-21,  21.0, 376.6
2012-03-22,  18.4, 378.3
2012-03-23,  15.7, 375.6
2012-03-24,  17.1, 343.8
2012-03-25,  18.2, 315.3
2012-03-26,  15.7, 361.7
2012-03-27,  12.8, 390.8
2012-03-28,  14.7, 383.0
2012-03-29,  17.8, 378.3
2012-03-30,  18.1, 375.6
2012-03-31,  20.1, 343.8
2012-04-01,  20.0, 315.3
2012-04-02,  20.1, 361.7
2012-04-03,  20.5, 369.2
2012-04-04,  21.6, 376.6
2012-04-05,  17.6, 378.3
2012-04-06,  16.2, 375.6
2012-04-07,  19.1, 343.8
2012-04-08,  18.2, 315.3
2012-04-09,  18.5, 361.7
2012-04-10,  19.7, 369.2
2012-04-11,  20.6, 376.6
2012-04-12,  19.2, 378.3
2012-04-13,  19.9, 375.6
2012-04-14,  19.9, 343.8
2012-04-15,  18.7, 315.3
2012-04-16,  19.1, 361.7
2012-04-17,  19.9, 369.2
2012-04-18,  18.7, 376.6
2012-04-19,  20.2, 378.3
2012-04-20,  19.6, 375.6
2012-04-21,  14.9, 348.6
2012-04-22,  12.3, 340.9
2012-04-23,  13.1, 380.9
2012-04-24,  10.6, 408.5
2012-04-25,  11.7, 407.1
2012-04-26,  12.0, 406.3
2012-04-27,  10.8, 413.3
2012-04-28,  10.9, 380.7
2012-04-29,  10.1, 358.6
2012-04-30,  10.6, 400.9
2012-05-01,  12.8, 390.8
2012-05-02,  14.8, 382.2
2012-05-03,  16.2, 378.3
2012-05-04,  17.1, 375.6
2012-05-05,  16.6, 343.8
2012-05-06,  16.5, 315.3
2012-05-07,  19.0, 361.7
2012-05-08,  18.5, 369.2
2012-05-09,  19.5, 376.6
2012-05-10,  16.9, 378.3
2012-05-11,  13.7, 390.0
2012-05-12,  11.1, 379.1
2012-05-13,  10.9, 352.1
2012-05-14,  13.6, 376.9
2012-05-15,  14.1, 380.4
2012-05-16,  16.1, 376.6
2012-05-17,  17.2, 378.3
2012-05-18,  15.7, 375.6
2012-05-19,  13.8, 357.5
2012-05-20,  16.9, 315.3
2012-05-21,  14.7, 368.1
2012-05-22,  14.8, 374.8
2012-05-23,  15.0, 380.6
2012-05-24,  13.4, 395.1
2012-05-25,  15.6, 375.6
2012-05-26,  16.7, 343.8
2012-05-27,  17.1, 315.3
2012-05-28,  17.8, 361.7
2012-05-29,  18.0, 369.2
2012-05-30,  13.4, 393.5
2012-05-31,  11.8, 407.9
2012-06-01,  13.3, 393.3
2012-06-02,  15.6, 343.8
2012-06-03,  11.4, 348.1
2012-06-04,   9.0, 413.8
2012-06-05,   8.6, 424.5
2012-06-06,   6.0, 452.8
2012-06-07,   4.7, 464.9
2012-06-08,   5.6, 455.0
2012-06-09,   6.7, 414.4
2012-06-10,   8.6, 370.6
2012-06-11,   9.0, 413.8
2012-06-12,  14.5, 377.2
2012-06-13,  17.1, 376.6
2012-06-14,  16.5, 378.3
2012-06-15,  12.5, 399.7
2012-06-16,   7.9, 404.8
2012-06-17,   8.2, 373.8
2012-06-18,   8.8, 415.4
2012-06-19,   9.1, 420.5
2012-06-20,  10.3, 418.3
2012-06-21,  11.6, 409.5
2012-06-22,  10.8, 413.3
2012-06-23,  11.9, 372.7
2012-06-24,  12.4, 340.1
2012-06-25,   8.2, 420.2
2012-06-26,  10.6, 408.5
2012-06-27,  15.1, 379.8
2012-06-28,  15.8, 378.3
2012-06-29,  13.1, 394.9
2012-06-30,  13.3, 361.5
2012-07-01,  16.8, 315.3
2012-07-02,  10.8, 399.3
2012-07-03,   7.5, 433.3
2012-07-04,   7.7, 439.2
2012-07-05,   6.7, 448.8
2012-07-06,   5.3, 457.4
2012-07-07,   5.5, 424.0
2012-07-08,   8.4, 372.2
2012-07-09,   7.1, 429.0
2012-07-10,   6.2, 443.7
2012-07-11,   0.1, 500.1
2012-07-12,   7.4, 443.2
2012-07-13,   9.8, 421.3
2012-07-14,   7.1, 411.2
2012-07-15,   5.3, 397.0
2012-07-16,   5.2, 444.2
2012-07-17,   5.7, 447.7
2012-07-18,   8.5, 432.7
2012-07-19,   9.7, 424.8
2012-07-20,  11.1, 410.9
2012-07-21,  12.8, 365.5
2012-07-22,   9.0, 367.4
2012-07-23,   9.5, 409.8
2012-07-24,   8.4, 426.1
2012-07-25,   6.6, 448.0
2012-07-26,   9.2, 428.8
2012-07-27,   7.0, 443.8
2012-07-28,   9.8, 389.5
2012-07-29,   8.6, 370.6
2012-07-30,   5.9, 438.6
2012-07-31,   8.8, 422.9
2012-08-01,  12.0, 404.7
2012-08-02,  10.4, 419.2
2012-08-03,  10.9, 412.5
2012-08-04,  10.8, 381.5
2012-08-05,   9.2, 365.8
2012-08-06,  10.7, 400.1
2012-08-07,  14.1, 380.4
2012-08-08,  11.9, 405.5
2012-08-09,  12.9, 399.1
2012-08-10,  13.9, 388.4
2012-08-11,  15.1, 347.0
2012-08-12,  12.8, 336.9
2012-08-13,  10.0, 405.8
2012-08-14,  13.3, 386.8
2012-08-15,  15.5, 376.6
2012-08-16,  15.0, 382.3
2012-08-17,  17.0, 375.6
2012-08-18,  15.5, 343.8
2012-08-19,  13.5, 331.3
2012-08-20,  13.8, 375.3
2012-08-21,  12.8, 390.8
2012-08-22,  17.5, 376.6
2012-08-23,  21.9, 378.3
2012-08-24,  11.0, 411.7
2012-08-25,   7.9, 404.8
2012-08-26,   7.1, 382.6
2012-08-27,   7.5, 425.8
2012-08-28,   9.6, 416.5
2012-08-29,  12.2, 403.1
2012-08-30,  14.0, 390.3
2012-08-31,  15.2, 378.0
2012-09-01,  16.1, 343.8
2012-09-02,  15.4, 316.1
2012-09-03,  12.6, 384.9
2012-09-04,  14.0, 381.2
2012-09-05,  12.6, 399.9
2012-09-06,  13.2, 396.7
2012-09-07,  15.9, 375.6
2012-09-08,  15.4, 344.6
2012-09-09,  12.4, 340.1
2012-09-10,  12.7, 384.1
2012-09-11,  14.3, 378.8
2012-09-12,  15.9, 376.6
2012-09-13,  17.3, 378.3
2012-09-14,  17.6, 375.6
2012-09-15,  19.6, 343.8
2012-09-16,  17.4, 315.3
2012-09-17,  14.8, 367.3
2012-09-18,  13.5, 385.2
2012-09-19,  11.2, 411.1
2012-09-20,  12.4, 403.1
2012-09-21,  12.4, 400.5
2012-09-22,  13.4, 360.7
2012-09-23,  15.0, 319.3
2012-09-24,  13.8, 375.3
2012-09-25,   9.5, 417.3
2012-09-26,   9.2, 427.1
2012-09-27,  13.6, 393.5
2012-09-28,  15.7, 375.6
2012-09-29,  16.2, 343.8
2012-09-30,  17.6, 315.3
2012-10-01,  18.0, 361.7
2012-10-02,  15.8, 369.2
2012-10-03,  16.0, 376.6
2012-10-04,  14.5, 386.3
2012-10-05,  18.0, 375.6
2012-10-06,  18.9, 343.8
2012-10-07,  15.6, 315.3
2012-10-08,  17.3, 361.7
2012-10-09,  17.8, 369.2
2012-10-10,  11.4, 409.5
2012-10-11,  13.5, 394.3
2012-10-12,  16.0, 375.6
2012-10-13,  17.4, 343.8
2012-10-14,  19.2, 315.3
2012-10-15,  19.9, 361.7
2012-10-16,  15.2, 371.6
2012-10-17,  16.3, 376.6
2012-10-18,  15.4, 379.1
2012-10-19,  17.8, 375.6
2012-10-20,  18.2, 343.8
2012-10-21,  19.0, 315.3
2012-10-22,  17.7, 361.7
2012-10-23,  14.8, 374.8
2012-10-24,  16.8, 376.6
2012-10-25,  17.7, 378.3
2012-10-26,  20.2, 375.6
2012-10-27,  20.3, 343.8
2012-10-28,  20.1, 315.3
2012-10-29,  20.0, 361.7
2012-10-30,  17.8, 369.2
2012-10-31,  17.1, 376.6
2012-11-01,  19.6, 378.3
2012-11-02,  20.6, 375.6
2012-11-03,  22.5, 354.6
2012-11-04,  21.1, 315.3
2012-11-05,  23.6, 396.0
2012-11-06,  25.1, 435.8
2012-11-07,  26.2, 466.8
2012-11-08,  26.7, 479.2
2012-11-09,  21.4, 375.6
2012-11-10,  15.0, 347.8
2012-11-11,  16.1, 315.3
2012-11-12,  16.1, 361.7
2012-11-13,  16.8, 369.2
2012-11-14,  17.9, 376.6
2012-11-15,  19.2, 378.3
2012-11-16,  20.3, 375.6
2012-11-17,  21.5, 343.8
2012-11-18,  21.5, 315.3
2012-11-19,  22.0, 361.7
2012-11-20,  22.5, 379.9
2012-11-21,  25.0, 441.1
2012-11-22,  21.7, 378.3
2012-11-23,  18.0, 375.6
2012-11-24,  18.9, 343.8
2012-11-25,  17.6, 315.3
2012-11-26,  19.6, 361.7
2012-11-27,  23.1, 392.8
2012-11-28,  21.1, 376.6
2012-11-29,  19.5, 378.3
2012-11-30,  21.6, 375.6
2012-12-01,  21.6, 343.8
2012-12-02,  24.0, 358.2
2012-12-03,  25.5, 436.8
2012-12-04,  23.9, 410.0
2012-12-05,  24.6, 432.5
2012-12-06,  23.9, 419.1
2012-12-07,  20.3, 375.6
2012-12-08,  21.5, 343.8
2012-12-09,  23.3, 343.2
2012-12-10,  22.9, 381.0
2012-12-11,  22.2, 373.5
2012-12-12,  24.3, 426.0
2012-12-13,  23.0, 399.7
2012-12-14,  23.6, 410.0
2012-12-15,  26.0, 429.7
2012-12-16,  25.2, 384.0
2012-12-17,  21.0, 361.7
2012-12-18,  19.4, 369.2
2012-12-19,  23.1, 400.3
2012-12-20,  22.4, 386.9
2012-12-21,  21.5, 375.6
2012-12-22,  23.0, 365.3
2012-12-23,  24.7, 373.3
2012-12-24,  29.1, 514.2
2012-12-25,  23.3, 397.1
2012-12-26,  19.3, 376.6
2012-12-27,  19.2, 378.3
2012-12-28,  21.9, 375.6
2012-12-29,  23.8, 382.5
2012-12-30,  26.3, 407.6
2012-12-31,  25.9, 445.4
2013-01-01,  16.7, 369.2
2013-01-02,  17.2, 376.6
2013-01-03,  20.7, 378.3
2013-01-04,  24.1, 420.7
2013-01-05,  24.9, 406.1
2013-01-06,  24.3, 364.7
2013-01-07,  26.1, 449.7
2013-01-08,  24.5, 422.9
2013-01-09,  24.9, 438.9
2013-01-10,  25.5, 453.4
2013-01-11,  25.7, 455.1
2013-01-12,  25.0, 408.3
2013-01-13,  25.3, 386.1
2013-01-14,  25.2, 430.4
2013-01-15,  25.1, 435.8
2013-01-16,  25.7, 456.1
2013-01-17,  24.8, 438.4
2013-01-18,  23.5, 407.8
2013-01-19,  21.6, 343.8
2013-01-20,  21.2, 315.3
2013-01-21,  22.4, 370.3
2013-01-22,  23.9, 410.0
2013-01-23,  25.6, 454.0
2013-01-24,  27.1, 487.8
2013-01-25,  19.0, 375.6
2013-01-26,  20.4, 343.8
2013-01-27,  24.2, 362.5
2013-01-28,  27.4, 477.7
2013-01-29,  27.6, 489.5
2013-01-30,  27.8, 501.2
2013-01-31,  27.2, 490.0
2013-02-01,  28.7, 519.5
2013-02-02,  24.6, 399.7
2013-02-03,  20.3, 315.3
2013-02-04,  20.7, 361.7
2013-02-05,  23.2, 394.9
2013-02-06,  23.9, 417.4
2013-02-07,  24.0, 421.2
2013-02-08,  25.3, 446.5
2013-02-09,  26.0, 429.7
2013-02-10,  26.7, 416.2
2013-02-11,  25.8, 443.3
2013-02-12,  26.9, 474.4
2013-02-13,  25.8, 458.2
2013-02-14,  25.3, 449.1
2013-02-15,  25.4, 448.6
2013-02-16,  26.9, 449.1
2013-02-17,  25.4, 388.3
2013-02-18,  20.6, 361.7
2013-02-19,  19.3, 369.2
2013-02-20,  20.1, 376.6
2013-02-21,  20.1, 378.3
2013-02-22,  21.2, 375.6
2013-02-23,  22.4, 352.4
2013-02-24,  23.2, 341.0
2013-02-25,  18.5, 361.7
2013-02-26,  16.4, 369.2
2013-02-27,  17.2, 376.6
2013-02-28,  19.7, 378.3
2013-03-01,  21.9, 375.6
2013-03-02,  22.3, 350.3
2013-03-03,  18.9, 315.3
2013-03-04,  17.1, 361.7
2013-03-05,  19.0, 369.2
2013-03-06,  20.7, 376.6
2013-03-07,  22.0, 378.3
2013-03-08,  22.6, 388.5
2013-03-09,  23.8, 382.5
2013-03-10,  22.1, 317.4
2013-03-11,  18.7, 361.7
2013-03-12,  17.6, 369.2
2013-03-13,  16.2, 376.6
2013-03-14,  14.7, 384.7
2013-03-15,  14.3, 385.2
2013-03-16,  13.6, 359.1
2013-03-17,  14.9, 320.1
2013-03-18,  17.0, 361.7
2013-03-19,  18.4, 369.2
2013-03-20,  19.1, 376.6
2013-03-21,  20.4, 378.3
2013-03-22,  17.9, 375.6
2013-03-23,  18.9, 343.8
2013-03-24,  20.2, 315.3
2013-03-25,  19.0, 361.7
2013-03-26,  17.8, 369.2
2013-03-27,  17.5, 376.6
2013-03-28,  18.5, 378.3
2013-03-29,  20.1, 375.6
2013-03-30,  21.3, 343.8
2013-03-31,  21.9, 315.3
2013-04-01,  21.0, 361.7
2013-04-02,  20.5, 369.2
2013-04-03,  19.7, 376.6
2013-04-04,  18.9, 378.3
2013-04-05,  19.2, 375.6
2013-04-06,  16.0, 343.8
2013-04-07,  13.5, 331.3
2013-04-08,  15.6, 361.7
2013-04-09,  17.4, 369.2
2013-04-10,  17.9, 376.6
2013-04-11,  18.6, 378.3
2013-04-12,  15.8, 375.6
2013-04-13,  12.8, 365.5
2013-04-14,  16.3, 315.3
2013-04-15,  17.9, 361.7
2013-04-16,  14.0, 381.2
2013-04-17,  16.3, 376.6
2013-04-18,  18.3, 378.3
2013-04-19,  19.3, 375.6
2013-04-20,  18.6, 343.8
2013-04-21,  19.8, 315.3
2013-04-22,  19.5, 361.7
2013-04-23,  19.8, 369.2
2013-04-24,  19.9, 376.6
2013-04-25,  20.4, 378.3
2013-04-26,  20.2, 375.6
2013-04-27,  21.2, 343.8
2013-04-28,  20.0, 315.3
2013-04-29,  17.2, 361.7
2013-04-30,  16.3, 369.2
2013-05-01,  17.9, 376.6
2013-05-02,  18.9, 378.3
2013-05-03,  15.8, 375.6
2013-05-04,  13.5, 359.9
2013-05-05,  14.8, 320.9
2013-05-06,  15.9, 361.7
2013-05-07,  12.4, 394.0
2013-05-08,  14.8, 382.2
2013-05-09,  16.6, 378.3
2013-05-10,  17.6, 375.6
2013-05-11,  17.7, 343.8
2013-05-12,  13.9, 328.1
2013-05-13,  15.1, 364.9
2013-05-14,  15.2, 371.6
2013-05-15,   9.3, 426.3
2013-05-16,   7.7, 440.8
2013-05-17,   8.2, 434.1
2013-05-18,   9.9, 388.7
2013-05-19,  11.8, 344.9
2013-05-20,  11.2, 396.1
2013-05-21,  10.1, 412.5
2013-05-22,  12.7, 399.1
2013-05-23,  13.9, 391.1
2013-05-24,  12.4, 400.5
2013-05-25,  12.9, 364.7
2013-05-26,  13.9, 328.1
2013-05-27,  13.8, 375.3
2013-05-28,  15.8, 369.2
2013-05-29,  13.8, 390.3
2013-05-30,  12.5, 402.3
2013-05-31,  14.7, 382.0
2013-06-01,  13.5, 359.9
2013-06-02,  12.3, 340.9
2013-06-03,  13.0, 381.7
2013-06-04,  14.2, 379.6
2013-06-05,  14.3, 386.2
2013-06-06,  10.2, 420.8
2013-06-07,  11.2, 410.1
2013-06-08,   9.9, 388.7
2013-06-09,  12.6, 338.5
2013-06-10,  13.0, 381.7
2013-06-11,  14.1, 380.4
2013-06-12,  17.1, 376.6
2013-06-13,  18.7, 378.3
2013-06-14,  11.7, 406.1
2013-06-15,  10.4, 384.7
2013-06-16,  11.0, 351.3
2013-06-17,   8.0, 421.8
2013-06-18,  10.7, 407.7
2013-06-19,   5.8, 454.4
2013-06-20,   6.2, 452.8
2013-06-21,   7.1, 443.0
2013-06-22,   9.4, 392.7
2013-06-23,   8.1, 374.6
2013-06-24,   8.2, 420.2
2013-06-25,   8.7, 423.7
2013-06-26,   9.3, 426.3
2013-06-27,  11.4, 411.1
2013-06-28,  12.1, 402.9
2013-06-29,  10.9, 380.7
2013-06-30,   7.9, 376.2
2013-07-01,  10.0, 405.8
2013-07-02,  12.7, 391.6
2013-07-03,  14.8, 382.2
2013-07-04,  15.2, 380.7
2013-07-05,  13.5, 391.7
2013-07-06,  13.6, 359.1
2013-07-07,   8.9, 368.2
2013-07-08,   7.9, 422.6
2013-07-09,   9.5, 417.3
2013-07-10,  11.7, 407.1
2013-07-11,  14.6, 385.5
2013-07-12,  11.2, 410.1
2013-07-13,  10.2, 386.3
2013-07-14,  10.5, 355.4
2013-07-15,   8.0, 421.8
2013-07-16,  12.3, 394.8
2013-07-17,  14.1, 387.9
2013-07-18,   8.6, 433.6
2013-07-19,   5.5, 455.8
2013-07-20,   7.0, 412.0
2013-07-21,   4.5, 403.5
2013-07-22,   5.0, 445.8
2013-07-23,   5.5, 449.3
2013-07-24,   6.5, 448.8
2013-07-25,   8.5, 434.4
2013-07-26,  10.2, 418.1
2013-07-27,  12.8, 365.5
2013-07-28,  10.9, 352.1
2013-07-29,  11.4, 394.5
2013-07-30,  12.4, 394.0
2013-07-31,  16.7, 376.6
2013-08-01,  11.6, 409.5
2013-08-02,   9.8, 421.3
2013-08-03,   9.3, 393.5
2013-08-04,  11.1, 350.5
2013-08-05,  13.3, 379.3
2013-08-06,  11.1, 404.5
2013-08-07,  14.9, 381.4
2013-08-08,  11.8, 407.9
2013-08-09,   8.8, 429.3
2013-08-10,   8.5, 400.0
2013-08-11,  10.2, 357.8
2013-08-12,  10.4, 402.6
2013-08-13,   6.2, 443.7
2013-08-14,   6.8, 446.4
2013-08-15,   8.8, 432.0
2013-08-16,  10.3, 417.3
2013-08-17,   9.1, 395.1
2013-08-18,  11.8, 344.9
2013-08-19,  15.8, 361.7
2013-08-20,  15.9, 369.2
2013-08-21,  17.1, 376.6
2013-08-22,  10.0, 422.4
2013-08-23,   5.7, 454.2
2013-08-24,   6.5, 416.0
2013-08-25,   6.4, 388.2
2013-08-26,   5.5, 441.8
2013-08-27,   8.0, 429.3
2013-08-28,  14.2, 387.0
2013-08-29,  16.2, 378.3
2013-08-30,  16.7, 375.6
2013-08-31,  16.6, 343.8
2013-09-01,  16.5, 315.3
2013-09-02,  15.0, 365.7
2013-09-03,  10.8, 406.9
2013-09-04,   9.6, 423.9
2013-09-05,  12.2, 404.7
2013-09-06,  15.2, 378.0
2013-09-07,  18.0, 343.8
2013-09-08,  17.5, 315.3
2013-09-09,  20.2, 361.7
2013-09-10,  24.7, 427.2
2013-09-11,  23.5, 408.8
2013-09-12,  16.2, 378.3
2013-09-13,  11.3, 409.3
2013-09-14,   9.6, 391.1
2013-09-15,  10.3, 357.0
2013-09-16,   8.8, 415.4
2013-09-17,   7.3, 434.9
2013-09-18,   9.9, 421.5
2013-09-19,  12.0, 406.3
2013-09-20,  13.5, 391.7
2013-09-21,  11.3, 377.5
2013-09-22,   9.3, 365.0
2013-09-23,   8.8, 415.4
2013-09-24,   8.6, 424.5
2013-09-25,  10.6, 415.9
2013-09-26,  13.3, 395.9
2013-09-27,  14.0, 387.6
2013-09-28,  15.0, 347.8
2013-09-29,  10.6, 354.6
2013-09-30,  10.9, 398.5
2013-10-01,  11.6, 400.4
2013-10-02,  13.3, 394.3
2013-10-03,  13.7, 392.7
2013-10-04,  14.0, 387.6
2013-10-05,  13.1, 363.1
2013-10-06,  15.3, 316.9
2013-10-07,  16.6, 361.7
2013-10-08,  18.0, 369.2
2013-10-09,  19.7, 376.6
2013-10-10,  19.1, 378.3
2013-10-11,  16.7, 375.6
2013-10-12,  17.0, 343.8
2013-10-13,  17.8, 315.3
2013-10-14,  18.6, 361.7
2013-10-15,  20.0, 369.2
2013-10-16,  21.7, 376.6
2013-10-17,  20.6, 378.3
2013-10-18,  19.2, 375.6
2013-10-19,  21.2, 343.8
2013-10-20,  20.1, 315.3
2013-10-21,  15.7, 361.7
2013-10-22,  16.6, 369.2
2013-10-23,  18.8, 376.6
2013-10-24,  13.0, 398.3
2013-10-25,  13.9, 388.4
2013-10-26,  18.0, 343.8
2013-10-27,  17.0, 315.3
2013-10-28,  16.8, 361.7
2013-10-29,  18.2, 369.2
2013-10-30,  19.5, 376.6
2013-10-31,  19.1, 378.3
2013-11-01,  19.2, 375.6
2013-11-02,  17.3, 343.8
2013-11-03,  16.9, 315.3
2013-11-04,  15.8, 361.7
2013-11-05,  17.5, 369.2
2013-11-06,  19.9, 376.6
2013-11-07,  19.3, 378.3
2013-11-08,  17.6, 375.6
2013-11-09,  19.9, 343.8
2013-11-10,  19.9, 315.3
2013-11-11,  19.3, 361.7
2013-11-12,  20.2, 369.2
2013-11-13,  20.3, 376.6
2013-11-14,  24.3, 427.7
2013-11-15,  20.3, 375.6
2013-11-16,  17.1, 343.8
2013-11-17,  19.5, 315.3
2013-11-18,  21.3, 361.7
2013-11-19,  18.8, 369.2
2013-11-20,  19.9, 376.6
2013-11-21,  20.1, 378.3
2013-11-22,  20.9, 375.6
2013-11-23,  22.6, 356.7
2013-11-24,  24.7, 373.3
2013-11-25,  22.7, 376.7
2013-11-26,  18.4, 369.2
2013-11-27,  17.0, 376.6
2013-11-28,  18.9, 378.3
2013-11-29,  19.4, 375.6
2013-11-30,  22.8, 361.0
2013-12-01,  23.0, 336.7
2013-12-02,  25.0, 426.1
2013-12-03,  17.8, 369.2
2013-12-04,  22.4, 385.2
2013-12-05,  20.0, 378.3
2013-12-06,  18.7, 375.6
2013-12-07,  23.6, 378.2
2013-12-08,  26.6, 414.1
2013-12-09,  21.9, 361.7
2013-12-10,  18.9, 369.2
2013-12-11,  20.8, 376.6
2013-12-12,  22.6, 391.2
2013-12-13,  24.2, 422.9
2013-12-14,  26.5, 440.5
2013-12-15,  28.3, 450.6
2013-12-16,  28.3, 497.0
2013-12-17,  28.7, 513.1
2013-12-18,  26.2, 466.8
2013-12-19,  25.5, 453.4
2013-12-20,  25.9, 459.4
2013-12-21,  26.3, 436.2
2013-12-22,  27.5, 433.4
2013-12-23,  28.2, 494.8
2013-12-24,  29.5, 530.3
2013-12-25,  30.8, 565.6
2013-12-26,  29.4, 537.2
2013-12-27,  27.9, 502.3
2013-12-28,  29.2, 498.5
2013-12-29,  30.7, 502.1
2013-12-30,  29.9, 531.3
2013-12-31,  25.1, 435.8
2014-01-01,  27.1, 486.2
2014-01-02,  23.0, 399.7
2014-01-03,  19.2, 375.6
2014-01-04,  22.0, 343.8
2014-01-05,  25.4, 388.3
2014-01-06,  28.0, 490.5
2014-01-07,  27.0, 476.6
2014-01-08,  23.2, 402.4
2014-01-09,  26.0, 464.2
2014-01-10,  26.3, 468.0
2014-01-11,  21.3, 343.8
2014-01-12,  19.6, 315.3
2014-01-13,  22.4, 370.3
2014-01-14,  24.0, 412.1
2014-01-15,  26.6, 475.4
2014-01-16,  28.4, 515.7
2014-01-17,  29.6, 538.9
2014-01-18,  31.0, 537.1
2014-01-19,  27.3, 429.1
2014-01-20,  28.6, 503.4
2014-01-21,  26.9, 474.4
2014-01-22,  27.6, 496.9
2014-01-23,  29.0, 528.6
2014-01-24,  20.5, 375.6
2014-01-25,  16.9, 343.8
2014-01-26,  20.4, 315.3
2014-01-27,  23.5, 393.9
2014-01-28,  23.5, 401.4
2014-01-29,  22.9, 396.0
2014-01-30,  24.6, 434.1
2014-01-31,  25.8, 457.2
2014-02-01,  23.9, 384.6
2014-02-02,  23.5, 347.5
2014-02-03,  22.5, 372.4
2014-02-04,  24.5, 422.9
2014-02-05,  25.4, 449.7
2014-02-06,  19.4, 378.3
2014-02-07,  22.9, 394.9
2014-02-08,  24.8, 404.0
2014-02-09,  23.5, 347.5
2014-02-10,  23.0, 383.1
2014-02-11,  24.4, 420.7
2014-02-12,  23.0, 398.1
2014-02-13,  21.6, 378.3
2014-02-14,  19.4, 375.6
2014-02-15,  20.3, 343.8
2014-02-16,  21.6, 315.3
2014-02-17,  22.9, 381.0
2014-02-18,  23.5, 401.4
2014-02-19,  22.8, 393.8
2014-02-20,  22.9, 397.6
2014-02-21,  22.1, 377.8
2014-02-22,  21.7, 343.8
2014-02-23,  21.4, 315.3
2014-02-24,  21.7, 361.7
2014-02-25,  17.7, 369.2
2014-02-26,  17.3, 376.6
2014-02-27,  17.9, 378.3
2014-02-28,  19.1, 375.6
2014-03-01,  20.0, 343.8
2014-03-02,  20.2, 315.3
2014-03-03,  20.8, 361.7
2014-03-04,  19.8, 369.2
2014-03-05,  21.5, 376.6
2014-03-06,  20.1, 378.3
2014-03-07,  19.2, 375.6
2014-03-08,  20.0, 343.8
2014-03-09,  19.9, 315.3
2014-03-10,  17.4, 361.7
2014-03-11,  17.9, 369.2
2014-03-12,  20.7, 376.6
2014-03-13,  21.5, 378.3
2014-03-14,  21.5, 375.6
2014-03-15,  20.5, 343.8
2014-03-16,  20.9, 315.3
2014-03-17,  19.2, 361.7
2014-03-18,  15.2, 371.6
2014-03-19,  16.7, 376.6
2014-03-20,  18.4, 378.3
2014-03-21,  16.1, 375.6
2014-03-22,  13.4, 360.7
2014-03-23,  16.3, 315.3
2014-03-24,  17.7, 361.7
2014-03-25,  18.8, 369.2
2014-03-26,  20.6, 376.6
2014-03-27,  20.8, 378.3
2014-03-28,  20.4, 375.6
2014-03-29,  22.3, 350.3
2014-03-30,  20.4, 315.3
2014-03-31,  15.5, 361.7
2014-04-01,  18.2, 369.2
2014-04-02,  19.3, 376.6
2014-04-03,  21.3, 378.3
2014-04-04,  23.1, 399.2
2014-04-05,  22.2, 348.1
2014-04-06,  22.4, 323.9
2014-04-07,  22.0, 361.7
2014-04-08,  19.8, 369.2
2014-04-09,  18.6, 376.6
2014-04-10,  16.5, 378.3
2014-04-11,  15.8, 375.6
2014-04-12,  13.8, 357.5
2014-04-13,  12.8, 336.9
2014-04-14,  12.9, 382.5
2014-04-15,  14.7, 375.6
2014-04-16,  16.7, 376.6
2014-04-17,  16.7, 378.3
2014-04-18,  13.4, 392.5
2014-04-19,  14.2, 354.3
2014-04-20,  15.7, 315.3
2014-04-21,  16.9, 361.7
2014-04-22,  14.3, 378.8
2014-04-23,  14.7, 383.0
2014-04-24,  16.2, 378.3
2014-04-25,  14.5, 383.6
2014-04-26,  15.0, 347.8
2014-04-27,  16.7, 315.3
2014-04-28,  17.7, 361.7
2014-04-29,  16.2, 369.2
2014-04-30,  16.8, 376.6
2014-05-01,  15.8, 378.3
2014-05-02,  16.0, 375.6
2014-05-03,  17.3, 343.8
2014-05-04,  16.7, 315.3
2014-05-05,  15.8, 361.7
2014-05-06,  15.8, 369.2
2014-05-07,  16.2, 376.6
2014-05-08,  14.9, 383.1
2014-05-09,  14.5, 383.6
2014-05-10,  16.1, 343.8
2014-05-11,  16.1, 315.3
2014-05-12,  16.2, 361.7
2014-05-13,  16.1, 369.2
2014-05-14,  16.7, 376.6
2014-05-15,  16.8, 378.3
2014-05-16,  14.3, 385.2
2014-05-17,  13.0, 363.9
2014-05-18,  11.1, 350.5
2014-05-19,  12.8, 383.3
2014-05-20,  11.8, 398.8
2014-05-21,  12.2, 403.1
2014-05-22,  10.9, 415.1
2014-05-23,   8.2, 434.1
2014-05-24,   8.8, 397.5
2014-05-25,  10.6, 354.6
2014-05-26,  10.5, 401.8
2014-05-27,   9.6, 416.5
2014-05-28,  11.2, 411.1
2014-05-29,  13.1, 397.5
2014-05-30,  14.2, 386.0
2014-05-31,  13.3, 361.5
2014-06-01,  11.3, 348.9
2014-06-02,  12.0, 389.7
2014-06-03,  12.9, 390.0
2014-06-04,  12.4, 401.5
2014-06-05,  10.3, 420.0
2014-06-06,   9.3, 425.3
2014-06-07,  11.1, 379.1
2014-06-08,   9.9, 360.2
2014-06-09,  11.8, 391.3
2014-06-10,  12.5, 393.2
2014-06-11,  14.7, 383.0
2014-06-12,  17.2, 378.3
2014-06-13,   9.4, 424.5
2014-06-14,   8.1, 403.2
2014-06-15,  11.1, 350.5
2014-06-16,  11.7, 392.1
2014-06-17,   8.3, 426.9
2014-06-18,   6.5, 448.8
2014-06-19,   5.6, 457.6
2014-06-20,   8.5, 431.7
2014-06-21,  10.7, 382.3
2014-06-22,  12.7, 337.7
2014-06-23,  13.6, 376.9
2014-06-24,  10.9, 406.1
2014-06-25,   9.5, 424.7
2014-06-26,   9.5, 426.4
2014-06-27,   8.1, 434.9
2014-06-28,   7.5, 408.0
2014-06-29,   7.2, 381.8
2014-06-30,   6.1, 437.0
2014-07-01,   6.8, 438.9
2014-07-02,   8.8, 430.3
2014-07-03,  10.6, 417.6
2014-07-04,  10.8, 413.3
2014-07-05,  11.8, 373.5
2014-07-06,   7.9, 376.2
2014-07-07,   9.7, 408.2
2014-07-08,   9.8, 414.9
2014-07-09,  10.0, 420.7
2014-07-10,  10.9, 415.1
2014-07-11,  13.1, 394.9
2014-07-12,  14.6, 351.0
2014-07-13,  14.0, 327.3
2014-07-14,  15.4, 362.5
2014-07-15,  15.5, 369.2
2014-07-16,  10.6, 415.9
2014-07-17,  11.5, 410.3
2014-07-18,   9.5, 423.7
2014-07-19,  12.0, 371.9
2014-07-20,  13.1, 334.5
2014-07-21,  14.2, 372.1
2014-07-22,  13.4, 386.0
2014-07-23,   9.8, 422.3
2014-07-24,   7.6, 441.6
2014-07-25,   8.2, 434.1
2014-07-26,   5.8, 421.6
2014-07-27,   5.8, 393.0
2014-07-28,  10.2, 404.2
2014-07-29,  14.8, 374.8
2014-07-30,  13.5, 392.7
2014-07-31,  15.4, 379.1
2014-08-01,  15.4, 376.4
2014-08-02,  17.6, 343.8
2014-08-03,  15.7, 315.3
2014-08-04,  11.4, 394.5
2014-08-05,  10.7, 407.7
2014-08-06,  13.4, 393.5
2014-08-07,  11.4, 411.1
2014-08-08,   9.5, 423.7
2014-08-09,  11.6, 375.1
2014-08-10,  13.1, 334.5
2014-08-11,   9.7, 408.2
2014-08-12,   8.8, 422.9
2014-08-13,   8.2, 435.2
2014-08-14,   9.7, 424.8
2014-08-15,  10.7, 414.1
2014-08-16,  12.9, 364.7
2014-08-17,  14.0, 327.3
2014-08-18,  16.6, 361.7
2014-08-19,  17.1, 369.2
2014-08-20,  18.2, 376.6
2014-08-21,  20.0, 378.3
2014-08-22,  19.5, 375.6
2014-08-23,  20.5, 343.8
2014-08-24,  13.6, 330.5
2014-08-25,   8.9, 414.6
2014-08-26,   9.5, 417.3
2014-08-27,   7.9, 437.6
2014-08-28,   8.7, 432.8
2014-08-29,  11.0, 411.7
2014-08-30,  13.0, 363.9
2014-08-31,  14.5, 323.3
2014-09-01,  13.2, 380.1
2014-09-02,  14.7, 375.6
2014-09-03,  15.9, 376.6
2014-09-04,  16.2, 378.3
2014-09-05,  16.5, 375.6
2014-09-06,  16.1, 343.8
2014-09-07,  14.7, 321.7
2014-09-08,  16.9, 361.7
2014-09-09,  16.1, 369.2
2014-09-10,  12.4, 401.5
2014-09-11,  12.4, 403.1
2014-09-12,  13.4, 392.5
2014-09-13,  14.1, 355.1
2014-09-14,  14.4, 324.1
2014-09-15,  14.4, 370.5
2014-09-16,  12.8, 390.8
2014-09-17,  14.5, 384.6
2014-09-18,  14.7, 384.7
2014-09-19,  16.1, 375.6
2014-09-20,  15.9, 343.8
2014-09-21,  13.8, 328.9
2014-09-22,  16.4, 361.7
2014-09-23,  14.7, 375.6
2014-09-24,  14.4, 385.4
2014-09-25,  15.8, 378.3
2014-09-26,  12.2, 402.1
2014-09-27,  13.3, 361.5
2014-09-28,  16.1, 315.3
2014-09-29,  15.5, 361.7
2014-09-30,  16.1, 369.2
2014-10-01,  13.6, 391.9
2014-10-02,  12.4, 403.1
2014-10-03,  15.1, 378.8
2014-10-04,  16.1, 343.8
2014-10-05,  16.3, 315.3
2014-10-06,  16.4, 361.7
2014-10-07,  18.4, 369.2
2014-10-08,  20.3, 376.6
2014-10-09,  18.4, 378.3
2014-10-10,  12.2, 402.1
2014-10-11,  13.5, 359.9
2014-10-12,  15.6, 315.3
2014-10-13,  17.0, 361.7
2014-10-14,  18.2, 369.2
2014-10-15,  19.9, 376.6
2014-10-16,  21.6, 378.3
2014-10-17,  18.7, 375.6
2014-10-18,  19.7, 343.8
2014-10-19,  18.6, 315.3
2014-10-20,  16.5, 361.7
2014-10-21,  20.2, 369.2
2014-10-22,  22.1, 378.8
2014-10-23,  22.2, 382.6
2014-10-24,  22.5, 386.4
2014-10-25,  23.1, 367.5
2014-10-26,  24.8, 375.4
2014-10-27,  25.3, 432.5
2014-10-28,  21.0, 369.2
2014-10-29,  20.7, 376.6
2014-10-30,  18.3, 378.3
2014-10-31,  18.8, 375.6
2014-11-01,  14.2, 354.3
2014-11-02,  14.8, 320.9
2014-11-03,  15.6, 361.7
2014-11-04,  15.2, 371.6
2014-11-05,  16.7, 376.6
2014-11-06,  18.1, 378.3
2014-11-07,  20.5, 375.6
2014-11-08,  20.1, 343.8
2014-11-09,  20.4, 315.3
2014-11-10,  21.9, 361.7
2014-11-11,  22.5, 379.9
2014-11-12,  19.5, 376.6
2014-11-13,  15.9, 378.3
2014-11-14,  19.5, 375.6
2014-11-15,  23.2, 369.6
2014-11-16,  21.3, 315.3
2014-11-17,  22.2, 366.0
2014-11-18,  24.4, 420.7
2014-11-19,  22.0, 376.6
2014-11-20,  19.5, 378.3
2014-11-21,  18.2, 375.6
2014-11-22,  17.7, 343.8
2014-11-23,  21.0, 315.3
2014-11-24,  20.0, 361.7
2014-11-25,  18.1, 369.2
2014-11-26,  19.1, 376.6
2014-11-27,  20.5, 378.3
2014-11-28,  22.4, 384.2
2014-11-29,  23.8, 382.5
2014-11-30,  16.0, 315.3
2014-12-01,  16.0, 361.7
2014-12-02,  17.6, 369.2
2014-12-03,  20.7, 376.6
2014-12-04,  22.7, 393.3
2014-12-05,  23.6, 410.0
2014-12-06,  25.4, 416.9
2014-12-07,  24.2, 362.5
2014-12-08,  22.0, 361.7
2014-12-09,  23.9, 410.0
2014-12-10,  21.4, 376.6
2014-12-11,  18.4, 378.3
2014-12-12,  20.9, 375.6
2014-12-13,  22.2, 348.1
2014-12-14,  19.6, 315.3
2014-12-15,  20.8, 361.7
2014-12-16,  22.0, 369.2
2014-12-17,  23.5, 408.8
2014-12-18,  23.3, 406.2
2014-12-19,  26.6, 474.4
2014-12-20,  22.5, 354.6
2014-12-21,  18.1, 315.3
2014-12-22,  16.8, 361.7
2014-12-23,  18.6, 369.2
2014-12-24,  20.9, 376.6
2014-12-25,  23.6, 412.6
2014-12-26,  24.9, 437.9
2014-12-27,  24.5, 397.5
2014-12-28,  24.8, 375.4
2014-12-29,  26.4, 456.2
2014-12-30,  26.4, 463.7
2014-12-31,  23.8, 415.3
2015-01-01,  19.5, 378.3
2015-01-02,  18.9, 375.6
2015-01-03,  21.1, 343.8
2015-01-04,  19.9, 315.3
2015-01-05,  24.9, 424.0
2015-01-06,  26.8, 472.3
2015-01-07,  24.6, 432.5
2015-01-08,  25.4, 451.3
2015-01-09,  26.2, 465.8
2015-01-10,  25.7, 423.3
2015-01-11,  27.1, 424.8
2015-01-12,  27.5, 479.8
2015-01-13,  23.0, 390.7
2015-01-14,  23.7, 413.1
2015-01-15,  22.1, 380.4
2015-01-16,  25.2, 444.4
2015-01-17,  21.8, 343.8
2015-01-18,  22.7, 330.3
2015-01-19,  23.0, 383.1
2015-01-20,  19.3, 369.2
2015-01-21,  19.9, 376.6
2015-01-22,  22.1, 380.4
2015-01-23,  23.0, 397.1
2015-01-24,  23.8, 382.5
2015-01-25,  25.5, 390.4
2015-01-26,  26.8, 464.8
2015-01-27,  27.8, 493.8
2015-01-28,  22.9, 396.0
2015-01-29,  19.1, 378.3
2015-01-30,  19.6, 375.6
2015-01-31,  22.2, 348.1
2015-02-01,  23.5, 347.5
2015-02-02,  24.5, 415.4
2015-02-03,  24.9, 431.5
2015-02-04,  24.9, 438.9
2015-02-05,  25.6, 455.6
2015-02-06,  25.7, 455.1
2015-02-07,  25.6, 421.2
2015-02-08,  26.0, 401.2
2015-02-09,  25.7, 441.1
2015-02-10,  21.9, 369.2
2015-02-11,  23.3, 404.5
2015-02-12,  25.1, 444.8
2015-02-13,  20.3, 375.6
2015-02-14,  21.3, 343.8
2015-02-15,  22.7, 330.3
2015-02-16,  23.8, 400.3
2015-02-17,  25.0, 433.6
2015-02-18,  24.1, 421.7
2015-02-19,  19.5, 378.3
2015-02-20,  17.9, 375.6
2015-02-21,  21.0, 343.8
2015-02-22,  23.4, 345.3
2015-02-23,  25.1, 428.2
2015-02-24,  26.2, 459.4
2015-02-25,  24.7, 434.6
2015-02-26,  23.7, 414.8
2015-02-27,  22.2, 379.9
2015-02-28,  20.0, 343.8
2015-03-01,  22.9, 334.6
2015-03-02,  24.5, 415.4
2015-03-03,  23.0, 390.7
2015-03-04,  23.6, 411.0
2015-03-05,  22.0, 378.3
2015-03-06,  23.2, 401.4
2015-03-07,  23.5, 376.0
2015-03-08,  23.6, 349.6
2015-03-09,  23.8, 400.3
2015-03-10,  25.4, 442.2
2015-03-11,  25.1, 443.2
2015-03-12,  24.7, 436.3
2015-03-13,  25.0, 440.1
2015-03-14,  23.2, 369.6
2015-03-15,  21.8, 315.3
2015-03-16,  23.2, 387.4
2015-03-17,  25.9, 452.9
2015-03-18,  25.5, 451.8
2015-03-19,  24.4, 429.8
2015-03-20,  25.2, 444.4
2015-03-21,  17.4, 343.8
2015-03-22,  17.1, 315.3
2015-03-23,  17.5, 361.7
2015-03-24,  18.4, 369.2
2015-03-25,  17.9, 376.6
2015-03-26,  16.9, 378.3
2015-03-27,  17.0, 375.6
2015-03-28,  18.3, 343.8
2015-03-29,  20.7, 315.3
2015-03-30,  21.8, 361.7
2015-03-31,  20.4, 369.2
2015-04-01,  20.8, 376.6
2015-04-02,  22.3, 384.7
2015-04-03,  23.7, 412.1
2015-04-04,  21.6, 343.8
2015-04-05,  20.0, 315.3
2015-04-06,  15.3, 363.3
2015-04-07,  18.0, 369.2
2015-04-08,  19.6, 376.6
2015-04-09,  20.1, 378.3
2015-04-10,  22.4, 384.2
2015-04-11,  19.4, 343.8
2015-04-12,  19.4, 315.3
2015-04-13,  22.8, 378.8
2015-04-14,  21.9, 369.2
2015-04-15,  20.4, 376.6
2015-04-16,  21.0, 378.3
2015-04-17,  18.7, 375.6
2015-04-18,  17.2, 343.8
2015-04-19,  19.1, 315.3
2015-04-20,  18.0, 361.7
2015-04-21,  15.8, 369.2
2015-04-22,  15.5, 376.6
2015-04-23,  17.0, 378.3
2015-04-24,  18.7, 375.6
2015-04-25,  20.0, 343.8
2015-04-26,  20.6, 315.3
2015-04-27,  20.0, 361.7
2015-04-28,  18.5, 369.2
2015-04-29,  16.6, 376.6
2015-04-30,  17.5, 378.3
2015-05-01,  18.2, 375.6
2015-05-02,  16.6, 343.8
2015-05-03,  11.7, 345.7
2015-05-04,  12.2, 388.1
2015-05-05,  13.4, 386.0
2015-05-06,  11.9, 405.5
2015-05-07,  11.4, 411.1
2015-05-08,  13.5, 391.7
2015-05-09,  14.1, 355.1
2015-05-10,  14.3, 324.9
2015-05-11,  14.6, 368.9
2015-05-12,  15.8, 369.2
2015-05-13,  15.9, 376.6
2015-05-14,  17.1, 378.3
2015-05-15,  18.7, 375.6
2015-05-16,  19.6, 343.8
2015-05-17,  20.4, 315.3
2015-05-18,  20.6, 361.7
2015-05-19,  20.9, 369.2
2015-05-20,  20.6, 376.6
2015-05-21,  20.8, 378.3
2015-05-22,  21.1, 375.6
2015-05-23,  18.5, 343.8
2015-05-24,  13.4, 332.1
2015-05-25,  12.4, 386.5
2015-05-26,  13.5, 385.2
2015-05-27,  13.7, 391.1
2015-05-28,  13.1, 397.5
2015-05-29,  12.8, 397.3
2015-05-30,  12.4, 368.7
2015-05-31,  13.2, 333.7
2015-06-01,  15.0, 365.7
2015-06-02,  15.7, 369.2
2015-06-03,  16.6, 376.6
2015-06-04,  13.4, 395.1
2015-06-05,  19.3, 375.6
2015-06-06,  18.6, 343.8
2015-06-07,  14.1, 326.5
2015-06-08,  12.9, 382.5
2015-06-09,  13.6, 384.4
2015-06-10,  11.7, 407.1
2015-06-11,   9.7, 424.8
2015-06-12,   8.8, 429.3
2015-06-13,   9.5, 391.9
2015-06-14,  10.3, 357.0
2015-06-15,   9.5, 409.8
2015-06-16,  12.5, 393.2
2015-06-17,  11.1, 411.9
2015-06-18,   6.3, 452.0
2015-06-19,   6.0, 451.8
2015-06-20,   8.6, 399.1
2015-06-21,   8.7, 369.8
2015-06-22,   8.6, 417.0
2015-06-23,   5.9, 446.1
2015-06-24,   9.1, 427.9
2015-06-25,  14.1, 389.5
2015-06-26,  15.4, 376.4
2015-06-27,  16.0, 343.8
2015-06-28,  16.6, 315.3
2015-06-29,  16.1, 361.7
2015-06-30,  12.6, 392.4
2015-07-01,  10.2, 419.1
2015-07-02,  11.6, 409.5
2015-07-03,   9.8, 421.3
2015-07-04,   6.8, 413.6
2015-07-05,   8.4, 372.2
2015-07-06,  10.9, 398.5
2015-07-07,   9.9, 414.1
2015-07-08,  10.2, 419.1
2015-07-09,  12.3, 403.9
2015-07-10,  13.2, 394.1
2015-07-11,  12.7, 366.3
2015-07-12,  14.7, 321.7
2015-07-13,  11.2, 396.1
2015-07-14,   8.4, 426.1
2015-07-15,   7.5, 440.8
2015-07-16,   9.0, 430.4
2015-07-17,   9.9, 420.5
2015-07-18,  13.0, 363.9
2015-07-19,  13.2, 333.7
2015-07-20,   9.0, 413.8
2015-07-21,   6.6, 440.5
2015-07-22,   8.7, 431.1
2015-07-23,   9.2, 428.8
2015-07-24,   9.5, 423.7
2015-07-25,  12.8, 365.5
2015-07-26,  14.8, 320.9
2015-07-27,  15.5, 361.7
2015-07-28,  18.2, 369.2
2015-07-29,  16.1, 376.6
2015-07-30,  15.2, 380.7
2015-07-31,  17.2, 375.6
2015-08-01,  12.8, 365.5
2015-08-02,  15.2, 317.7
2015-08-03,  13.4, 378.5
2015-08-04,  12.5, 393.2
2015-08-05,  15.1, 379.8
2015-08-06,  18.3, 378.3
2015-08-07,  17.2, 375.6
2015-08-08,  15.9, 343.8
2015-08-09,  17.3, 315.3
2015-08-10,  11.4, 394.5
2015-08-11,  12.2, 395.6
2015-08-12,  10.9, 413.5
2015-08-13,  12.0, 406.3
2015-08-14,  10.8, 413.3
2015-08-15,  11.0, 379.9
2015-08-16,  10.9, 352.1
2015-08-17,  12.5, 385.7
2015-08-18,  13.8, 382.8
2015-08-19,  10.9, 413.5
2015-08-20,  11.8, 407.9
2015-08-21,  13.6, 390.9
2015-08-22,  14.6, 351.0
2015-08-23,  10.4, 356.2
2015-08-24,   9.6, 409.0
2015-08-25,  13.1, 388.4
2015-08-26,  16.1, 376.6
2015-08-27,  14.1, 389.5
2015-08-28,  15.7, 375.6
2015-08-29,  18.7, 343.8
2015-08-30,  17.5, 315.3
2015-08-31,  17.0, 361.7
2015-09-01,   9.3, 418.9
2015-09-02,  10.9, 413.5
2015-09-03,  11.9, 407.1
2015-09-04,  11.9, 404.5
2015-09-05,  12.8, 365.5
2015-09-06,  13.6, 330.5
2015-09-07,  13.7, 376.1
2015-09-08,  15.2, 371.6
2015-09-09,  10.6, 415.9
2015-09-10,   9.4, 427.2
2015-09-11,   6.9, 444.6
2015-09-12,  10.1, 387.1
2015-09-13,  13.0, 335.3
2015-09-14,  14.8, 367.3
2015-09-15,  18.5, 369.2
2015-09-16,  12.7, 399.1
2015-09-17,  12.7, 400.7
2015-09-18,  12.6, 398.9
2015-09-19,  14.0, 355.9
2015-09-20,  14.4, 324.1
2015-09-21,  14.6, 368.9
2015-09-22,  13.7, 383.6
2015-09-23,  13.8, 390.3
2015-09-24,  14.6, 385.5
2015-09-25,  13.5, 391.7
2015-09-26,  13.5, 359.9
2015-09-27,  14.7, 321.7
2015-09-28,  15.2, 364.1
2015-09-29,  13.8, 382.8
2015-09-30,  11.9, 405.5
2015-10-01,  15.4, 379.1
2015-10-02,  12.4, 400.5
2015-10-03,   9.1, 395.1
2015-10-04,  11.2, 349.7
2015-10-05,  14.3, 371.3
2015-10-06,  15.9, 369.2
2015-10-07,  14.9, 381.4
2015-10-08,  14.9, 383.1
2015-10-09,  12.3, 401.3
2015-10-10,  11.9, 372.7
2015-10-11,  12.1, 342.5
2015-10-12,  12.6, 384.9
2015-10-13,  15.3, 370.8
2015-10-14,  16.5, 376.6
2015-10-15,  15.3, 379.9
2015-10-16,  12.3, 401.3
2015-10-17,  12.1, 371.1
2015-10-18,  13.9, 328.1
2015-10-19,  16.0, 361.7
2015-10-20,  17.1, 369.2
2015-10-21,  17.4, 376.6
2015-10-22,  17.8, 378.3
2015-10-23,  13.1, 394.9
2015-10-24,  12.5, 367.9
2015-10-25,  15.3, 316.9
2015-10-26,  18.0, 361.7
2015-10-27,  18.3, 369.2
2015-10-28,  20.3, 376.6
2015-10-29,  19.3, 378.3
2015-10-30,  17.0, 375.6
2015-10-31,  14.1, 355.1
2015-11-01,  15.8, 315.3
2015-11-02,  16.0, 361.7
2015-11-03,  17.8, 369.2
2015-11-04,  16.2, 376.6
2015-11-05,  16.2, 378.3
2015-11-06,  19.2, 375.6
2015-11-07,  20.6, 343.8
2015-11-08,  21.8, 315.3
2015-11-09,  22.2, 366.0
2015-11-10,  22.7, 384.2
2015-11-11,  21.7, 376.6
2015-11-12,  20.8, 378.3
2015-11-13,  18.3, 375.6
2015-11-14,  19.9, 343.8
2015-11-15,  22.3, 321.7
2015-11-16,  22.4, 370.3
2015-11-17,  20.6, 369.2
2015-11-18,  19.1, 376.6
2015-11-19,  16.4, 378.3
2015-11-20,  15.2, 378.0
2015-11-21,  18.0, 343.8
2015-11-22,  19.4, 315.3
2015-11-23,  19.0, 361.7
2015-11-24,  18.8, 369.2
2015-11-25,  19.9, 376.6
2015-11-26,  20.8, 378.3
2015-11-27,  20.2, 375.6
2015-11-28,  19.2, 343.8
2015-11-29,  18.8, 315.3
2015-11-30,  21.5, 361.7
2015-12-01,  22.9, 388.5
2015-12-02,  22.6, 389.5
2015-12-03,  21.8, 378.3
2015-12-04,  22.1, 377.8
2015-12-05,  21.3, 343.8
2015-12-06,  16.7, 315.3
2015-12-07,  19.5, 361.7
2015-12-08,  23.4, 399.2
2015-12-09,  22.9, 396.0
2015-12-10,  25.5, 453.4
2015-12-11,  27.2, 487.3
2015-12-12,  27.3, 457.7
2015-12-13,  26.9, 420.5
2015-12-14,  23.6, 396.0
2015-12-15,  22.4, 377.8
2015-12-16,  23.5, 408.8
2015-12-17,  23.5, 410.5
2015-12-18,  22.0, 375.6
2015-12-19,  18.9, 343.8
2015-12-20,  21.1, 315.3
2015-12-21,  23.8, 400.3
2015-12-22,  24.1, 414.3
2015-12-23,  24.5, 430.3
2015-12-24,  23.7, 414.8
2015-12-25,  24.5, 429.3
2015-12-26,  25.5, 419.0
2015-12-27,  27.0, 422.7
2015-12-28,  28.4, 499.1
2015-12-29,  27.5, 487.3
2015-12-30,  26.2, 466.8
2015-12-31,  25.2, 447.0
2016-01-01,  25.4, 448.6
2016-01-02,  26.2, 434.0
2016-01-03,  25.6, 392.6
2016-01-04,  25.6, 439.0
2016-01-05,  24.6, 425.0
2016-01-06,  22.0, 376.6
2016-01-07,  22.1, 380.4
2016-01-08,  22.7, 390.7
2016-01-09,  23.1, 367.5
2016-01-10,  23.2, 341.0
2016-01-11,  24.1, 406.8
2016-01-12,  25.8, 450.8
2016-01-13,  23.8, 415.3
2016-01-14,  26.4, 472.8
2016-01-15,  25.5, 450.8
2016-01-16,  25.1, 410.4
2016-01-17,  28.4, 452.7
2016-01-18,  24.9, 424.0
2016-01-19,  24.3, 418.6
2016-01-20,  25.5, 451.8
2016-01-21,  26.0, 464.2
2016-01-22,  29.6, 538.9
2016-01-23,  24.7, 401.8
2016-01-24,  28.9, 463.5
2016-01-25,  25.2, 430.4
2016-01-26,  23.5, 401.4
2016-01-27,  22.1, 378.8
2016-01-28,  23.8, 416.9
2016-01-29,  25.2, 444.4
2016-01-30,  24.1, 388.9
2016-01-31,  22.0, 315.3
2016-02-01,  20.8, 361.7
2016-02-02,  23.1, 392.8
2016-02-03,  25.1, 443.2
2016-02-04,  25.7, 457.7
2016-02-05,  26.8, 478.7
2016-02-06,  27.7, 466.3
2016-02-07,  27.1, 424.8
2016-02-08,  25.5, 436.8
2016-02-09,  26.6, 468.0
2016-02-10,  25.5, 451.8
2016-02-11,  26.5, 474.9
2016-02-12,  29.3, 532.4
2016-02-13,  25.9, 427.6
2016-02-14,  24.7, 373.3
2016-02-15,  25.9, 445.4
2016-02-16,  27.3, 483.0
2016-02-17,  26.2, 466.8
2016-02-18,  24.5, 432.0
2016-02-19,  24.1, 420.7
2016-02-20,  22.2, 348.1
2016-02-21,  24.5, 369.0
2016-02-22,  25.5, 436.8
2016-02-23,  25.8, 450.8
2016-02-24,  26.5, 473.3
2016-02-25,  22.7, 393.3
2016-02-26,  22.2, 379.9
2016-02-27,  20.8, 343.8
2016-02-28,  22.2, 319.6
2016-02-29,  22.5, 372.4
2016-03-01,  20.6, 369.2
2016-03-02,  19.9, 376.6
2016-03-03,  21.0, 378.3
2016-03-04,  21.7, 375.6
2016-03-05,  20.1, 343.8
2016-03-06,  17.0, 315.3
2016-03-07,  18.3, 361.7
2016-03-08,  20.6, 369.2
2016-03-09,  19.5, 376.6
2016-03-10,  17.1, 378.3
2016-03-11,  18.2, 375.6
2016-03-12,  17.6, 343.8
2016-03-13,  18.8, 315.3
2016-03-14,  20.6, 361.7
2016-03-15,  23.2, 394.9
2016-03-16,  24.7, 434.6
2016-03-17,  26.3, 470.6
2016-03-18,  22.0, 375.6
2016-03-19,  16.2, 343.8
2016-03-20,  17.3, 315.3
2016-03-21,  19.2, 361.7
2016-03-22,  18.8, 369.2
2016-03-23,  20.2, 376.6
2016-03-24,  19.8, 378.3
2016-03-25,  18.4, 375.6
2016-03-26,  19.2, 343.8
2016-03-27,  20.0, 315.3
2016-03-28,  19.8, 361.7
2016-03-29,  20.4, 369.2
2016-03-30,  21.8, 376.6
2016-03-31,  22.5, 389.0
2016-04-01,  22.1, 377.8
2016-04-02,  21.0, 343.8
2016-04-03,  19.8, 315.3
2016-04-04,  18.8, 361.7
2016-04-05,  20.4, 369.2
2016-04-06,  18.8, 376.6
2016-04-07,  18.2, 378.3
2016-04-08,  19.0, 375.6
2016-04-09,  18.7, 343.8
2016-04-10,  16.2, 315.3
2016-04-11,  16.4, 361.7
2016-04-12,  18.1, 369.2
2016-04-13,  18.2, 376.6
2016-04-14,  20.5, 378.3
2016-04-15,  21.0, 375.6
2016-04-16,  20.8, 343.8
2016-04-17,  16.6, 315.3
2016-04-18,  16.4, 361.7
2016-04-19,  16.3, 369.2
2016-04-20,  15.3, 378.2
2016-04-21,  16.4, 378.3
2016-04-22,  15.4, 376.4
2016-04-23,  18.1, 343.8
2016-04-24,  17.1, 315.3
2016-04-25,  12.3, 387.3
2016-04-26,  10.3, 410.9
2016-04-27,   8.5, 432.7
2016-04-28,   9.3, 428.0
2016-04-29,  10.5, 415.7
2016-04-30,   9.3, 393.5
2016-05-01,  11.1, 350.5
2016-05-02,  13.2, 380.1
2016-05-03,  11.1, 404.5
2016-05-04,  11.4, 409.5
2016-05-05,  13.1, 397.5
2016-05-06,  12.4, 400.5
2016-05-07,  12.0, 371.9
2016-05-08,  13.5, 331.3
2016-05-09,  14.9, 366.5
2016-05-10,  14.2, 379.6
2016-05-11,  12.0, 404.7
2016-05-12,  11.4, 411.1
2016-05-13,  10.9, 412.5
2016-05-14,  12.4, 368.7
2016-05-15,  12.4, 340.1
2016-05-16,  10.4, 402.6
2016-05-17,   9.0, 421.3
2016-05-18,   9.1, 427.9
2016-05-19,   9.2, 428.8
2016-05-20,  11.1, 410.9
2016-05-21,  10.6, 383.1
2016-05-22,  10.7, 353.8
2016-05-23,   9.6, 409.0
2016-05-24,  10.6, 408.5
2016-05-25,  12.2, 403.1
2016-05-26,  11.4, 411.1
2016-05-27,  12.3, 401.3
2016-05-28,  13.0, 363.9
2016-05-29,  13.3, 332.9
2016-05-30,  13.3, 379.3
2016-05-31,  12.6, 392.4
2016-06-01,  10.5, 416.7
2016-06-02,   9.5, 426.4
2016-06-03,   9.6, 422.9
2016-06-04,   9.2, 394.3
2016-06-05,   7.3, 381.0
2016-06-06,   9.6, 409.0
2016-06-07,  10.3, 410.9
2016-06-08,   7.6, 440.0
2016-06-09,   7.4, 443.2
2016-06-10,   6.1, 451.0
2016-06-11,   6.2, 418.4
2016-06-12,   7.0, 383.4
2016-06-13,   8.5, 417.8
2016-06-14,   9.5, 417.3
2016-06-15,   9.4, 425.5
2016-06-16,   9.6, 425.6
2016-06-17,   9.3, 425.3
2016-06-18,   9.4, 392.7
2016-06-19,   7.2, 381.8
2016-06-20,   7.1, 429.0
2016-06-21,   8.1, 428.5
2016-06-22,   9.7, 423.1
2016-06-23,  10.0, 422.4
2016-06-24,  11.2, 410.1
2016-06-25,   9.6, 391.1
2016-06-26,   9.9, 360.2
2016-06-27,  12.4, 386.5
2016-06-28,  10.3, 410.9
2016-06-29,  11.0, 412.7
2016-06-30,  14.2, 388.7
2016-07-01,  13.3, 393.3
2016-07-02,  12.2, 370.3
2016-07-03,  12.5, 339.3
2016-07-04,  11.8, 391.3
2016-07-05,  10.8, 406.9
2016-07-06,  10.3, 418.3
2016-07-07,  10.4, 419.2
2016-07-08,  11.6, 406.9
2016-07-09,  12.2, 370.3
2016-07-10,  12.0, 343.3
2016-07-11,  11.3, 395.3
2016-07-12,  10.8, 406.9
2016-07-13,   9.2, 427.1
2016-07-14,  10.5, 418.4
2016-07-15,   9.7, 422.1
2016-07-16,   7.3, 409.6
2016-07-17,   5.7, 393.8
2016-07-18,   7.1, 429.0
2016-07-19,   7.7, 431.7
2016-07-20,   6.5, 448.8
2016-07-21,   7.3, 444.0
2016-07-22,   8.8, 429.3
2016-07-23,   9.8, 389.5
2016-07-24,   9.2, 365.8
2016-07-25,  10.1, 405.0
2016-07-26,   9.6, 416.5
2016-07-27,   7.7, 439.2
2016-07-28,   7.8, 440.0
2016-07-29,   8.8, 429.3
2016-07-30,  11.2, 378.3
2016-07-31,  13.0, 335.3
2016-08-01,  10.1, 405.0
2016-08-02,   8.0, 429.3
2016-08-03,   9.4, 425.5
2016-08-04,  12.2, 404.7
2016-08-05,  12.6, 398.9
2016-08-06,  11.5, 375.9
2016-08-07,  11.3, 348.9
2016-08-08,  13.5, 377.7
2016-08-09,  11.1, 404.5
2016-08-10,  10.6, 415.9
2016-08-11,  12.1, 405.5
2016-08-12,  13.6, 390.9
2016-08-13,  15.0, 347.8
2016-08-14,  12.6, 338.5
2016-08-15,  13.7, 376.1
2016-08-16,  12.4, 394.0
2016-08-17,  12.4, 401.5
2016-08-18,  12.3, 403.9
2016-08-19,  11.9, 404.5
2016-08-20,   9.6, 391.1
2016-08-21,   7.4, 380.2
2016-08-22,  12.4, 386.5
2016-08-23,  13.6, 384.4
2016-08-24,  14.3, 386.2
2016-08-25,  16.0, 378.3
2016-08-26,  17.9, 375.6
2016-08-27,  12.7, 366.3
2016-08-28,  10.4, 356.2
2016-08-29,  12.0, 389.7
2016-08-30,  11.2, 403.6
2016-08-31,  12.9, 397.5
2016-09-01,  10.8, 415.9
2016-09-02,   9.4, 424.5
2016-09-03,   8.3, 401.6
2016-09-04,   8.2, 373.8
2016-09-05,   9.7, 408.2
2016-09-06,   9.3, 418.9
2016-09-07,  11.5, 408.7
2016-09-08,  13.6, 393.5
2016-09-09,  15.6, 375.6
2016-09-10,  16.6, 343.8
2016-09-11,  16.9, 315.3
2016-09-12,  16.2, 361.7
2016-09-13,  13.4, 386.0
2016-09-14,  12.6, 399.9
2016-09-15,  11.1, 413.5
2016-09-16,  14.9, 380.4
2016-09-17,  16.0, 343.8
2016-09-18,  13.6, 330.5
2016-09-19,  11.5, 393.7
2016-09-20,  13.6, 384.4
2016-09-21,  16.4, 376.6
2016-09-22,  19.0, 378.3
2016-09-23,  12.0, 403.7
2016-09-24,  10.6, 383.1
2016-09-25,  11.8, 344.9
2016-09-26,  14.7, 368.1
2016-09-27,  16.5, 369.2
2016-09-28,  15.5, 376.6
2016-09-29,  11.8, 407.9
2016-09-30,  12.7, 398.1
2016-10-01,  14.6, 351.0
2016-10-02,  14.8, 320.9
2016-10-03,  16.2, 361.7
2016-10-04,  16.6, 369.2
2016-10-05,  15.5, 376.6
2016-10-06,  14.9, 383.1
2016-10-07,  14.8, 381.2
2016-10-08,  12.5, 367.9
2016-10-09,  15.8, 315.3
2016-10-10,  16.1, 361.7
2016-10-11,  17.8, 369.2
2016-10-12,  19.5, 376.6
2016-10-13,  18.8, 378.3
2016-10-14,  18.3, 375.6
2016-10-15,  19.5, 343.8
2016-10-16,  20.1, 315.3
2016-10-17,  17.0, 361.7
2016-10-18,  15.4, 370.0
2016-10-19,  14.3, 386.2
2016-10-20,  12.9, 399.1
2016-10-21,  14.3, 385.2
2016-10-22,  16.9, 343.8
2016-10-23,  17.1, 315.3
2016-10-24,  18.0, 361.7
2016-10-25,  17.5, 369.2
2016-10-26,  17.0, 376.6
2016-10-27,  13.3, 395.9
2016-10-28,  11.4, 408.5
2016-10-29,  17.0, 343.8
2016-10-30,  19.2, 315.3
2016-10-31,  20.1, 361.7
2016-11-01,  16.2, 369.2
2016-11-02,  13.2, 395.1
2016-11-03,  18.3, 378.3
2016-11-04,  21.2, 375.6
2016-11-05,  22.5, 354.6
2016-11-06,  23.9, 356.1
2016-11-07,  20.1, 361.7
2016-11-08,  19.3, 369.2
2016-11-09,  21.2, 376.6
2016-11-10,  20.5, 378.3
2016-11-11,  17.9, 375.6
2016-11-12,  20.6, 343.8
2016-11-13,  19.7, 315.3
2016-11-14,  22.1, 363.8
2016-11-15,  22.9, 388.5
2016-11-16,  19.4, 376.6
2016-11-17,  14.8, 383.9
2016-11-18,  15.0, 379.6
2016-11-19,  18.9, 343.8
2016-11-20,  20.2, 315.3
2016-11-21,  15.4, 362.5
2016-11-22,  17.1, 369.2
2016-11-23,  20.3, 376.6
2016-11-24,  22.5, 389.0
2016-11-25,  23.9, 416.4
2016-11-26,  22.4, 352.4
2016-11-27,  22.9, 334.6
2016-11-28,  21.0, 361.7
2016-11-29,  21.7, 369.2
2016-11-30,  22.2, 380.9
2016-12-01,  22.9, 397.6
2016-12-02,  25.1, 442.2
2016-12-03,  24.7, 401.8
2016-12-04,  25.1, 381.9
2016-12-05,  24.2, 408.9
2016-12-06,  23.1, 392.8
2016-12-07,  24.3, 426.0
2016-12-08,  20.5, 378.3
2016-12-09,  20.9, 375.6
2016-12-10,  25.9, 427.6
2016-12-11,  24.4, 366.8
2016-12-12,  26.8, 464.8
2016-12-13,  21.0, 369.2
2016-12-14,  18.3, 376.6
2016-12-15,  22.1, 380.4
2016-12-16,  24.2, 422.9
2016-12-17,  27.1, 453.4
2016-12-18,  25.2, 384.0
2016-12-19,  23.7, 398.2
2016-12-20,  25.1, 435.8
2016-12-21,  27.2, 488.3
2016-12-22,  24.2, 425.5
2016-12-23,  24.1, 420.7
2016-12-24,  25.1, 410.4
2016-12-25,  24.6, 371.1
2016-12-26,  21.9, 361.7
2016-12-27,  22.5, 379.9
2016-12-28,  24.2, 423.9
2016-12-29,  25.5, 453.4
2016-12-30,  25.9, 459.4
2016-12-31,  27.9, 470.6
2017-01-01,  27.2, 427.0
2017-01-02,  24.2, 408.9
2017-01-03,  25.1, 435.8
2017-01-04,  24.2, 423.9
2017-01-05,  21.5, 378.3
2017-01-06,  22.8, 392.8
2017-01-07,  27.1, 453.4
2017-01-08,  24.5, 369.0
2017-01-09,  24.0, 404.6
2017-01-10,  20.9, 369.2
2017-01-11,  23.4, 406.7
2017-01-12,  25.9, 462.0
2017-01-13,  26.5, 472.3
2017-01-14,  22.5, 354.6
2017-01-15,  22.1, 317.4
2017-01-16,  23.7, 398.2
2017-01-17,  25.5, 444.4
2017-01-18,  23.8, 415.3
2017-01-19,  26.3, 470.6
2017-01-20,  26.0, 461.5
2017-01-21,  27.5, 462.0
2017-01-22,  27.0, 422.7
2017-01-23,  26.3, 454.0
2017-01-24,  25.1, 435.8
2017-01-25,  20.5, 376.6
2017-01-26,  18.3, 378.3
2017-01-27,  20.2, 375.6
2017-01-28,  23.3, 371.8
2017-01-29,  25.9, 399.0
2017-01-30,  28.5, 501.3
2017-01-31,  27.1, 478.7
2017-02-01,  24.4, 428.2
2017-02-02,  23.0, 399.7
2017-02-03,  23.3, 403.5
2017-02-04,  24.5, 397.5
2017-02-05,  18.4, 315.3
2017-02-06,  17.4, 361.7
2017-02-07,  18.9, 369.2
2017-02-08,  21.7, 376.6
2017-02-09,  22.7, 393.3
2017-02-10,  23.1, 399.2
2017-02-11,  22.6, 356.7
2017-02-12,  20.5, 315.3
2017-02-13,  20.7, 361.7
2017-02-14,  21.1, 369.2
2017-02-15,  23.9, 417.4
2017-02-16,  25.1, 444.8
2017-02-17,  25.2, 444.4
2017-02-18,  24.7, 401.8
2017-02-19,  24.2, 362.5
2017-02-20,  25.7, 441.1
2017-02-21,  27.1, 478.7
2017-02-22,  26.4, 471.1
2017-02-23,  26.8, 481.4
2017-02-24,  26.6, 474.4
2017-02-25,  27.3, 457.7
2017-02-26,  27.9, 442.0
2017-02-27,  27.9, 488.4
2017-02-28,  27.2, 480.9
2017-03-01,  27.1, 486.2
2017-03-02,  27.6, 498.5
2017-03-03,  21.7, 375.6
2017-03-04,  20.8, 343.8
2017-03-05,  20.9, 315.3
2017-03-06,  23.0, 383.1
2017-03-07,  21.3, 369.2
2017-03-08,  23.9, 417.4
2017-03-09,  23.2, 404.0
2017-03-10,  18.7, 375.6
2017-03-11,  18.7, 343.8
2017-03-12,  17.4, 315.3
2017-03-13,  18.3, 361.7
2017-03-14,  20.3, 369.2
2017-03-15,  19.4, 376.6
2017-03-16,  16.7, 378.3
2017-03-17,  16.1, 375.6
2017-03-18,  17.2, 343.8
2017-03-19,  19.2, 315.3
2017-03-20,  19.9, 361.7
2017-03-21,  20.8, 369.2
2017-03-22,  21.5, 376.6
2017-03-23,  21.5, 378.3
2017-03-24,  21.7, 375.6
2017-03-25,  22.9, 363.2
2017-03-26,  23.1, 338.9
2017-03-27,  23.0, 383.1
2017-03-28,  22.8, 386.4
2017-03-29,  22.6, 389.5
2017-03-30,  22.7, 393.3
2017-03-31,  23.5, 407.8
2017-04-01,  23.1, 367.5
2017-04-02,  20.9, 315.3
2017-04-03,  19.7, 361.7
2017-04-04,  20.4, 369.2
2017-04-05,  20.2, 376.6
2017-04-06,  18.1, 378.3
2017-04-07,  21.0, 375.6
2017-04-08,  21.6, 343.8
2017-04-09,  22.3, 321.7
2017-04-10,  18.1, 361.7
2017-04-11,  16.8, 369.2
2017-04-12,  13.0, 396.7
2017-04-13,  13.8, 391.9
2017-04-14,  16.2, 375.6
2017-04-15,  17.6, 343.8
2017-04-16,  16.5, 315.3
2017-04-17,  15.2, 364.1
2017-04-18,  16.8, 369.2
2017-04-19,  17.7, 376.6
2017-04-20,  18.3, 378.3
2017-04-21,  18.0, 375.6
2017-04-22,  13.4, 360.7
2017-04-23,  15.5, 315.3
2017-04-24,  17.6, 361.7
2017-04-25,  16.0, 369.2
2017-04-26,  12.4, 401.5
2017-04-27,  13.9, 391.1
2017-04-28,  16.7, 375.6
2017-04-29,  17.1, 343.8
2017-04-30,  17.4, 315.3
2017-05-01,  17.8, 361.7
2017-05-02,  17.9, 369.2
2017-05-03,  18.6, 376.6
2017-05-04,  19.2, 378.3
2017-05-05,  19.7, 375.6
2017-05-06,  19.8, 343.8
2017-05-07,  19.8, 315.3
2017-05-08,  17.4, 361.7
2017-05-09,  13.2, 387.6
2017-05-10,  11.9, 405.5
2017-05-11,  13.6, 393.5
2017-05-12,  15.0, 379.6
2017-05-13,  16.1, 343.8
2017-05-14,  15.0, 319.3
2017-05-15,  14.7, 368.1
2017-05-16,  12.3, 394.8
2017-05-17,  14.3, 386.2
2017-05-18,  15.6, 378.3
2017-05-19,  15.7, 375.6
2017-05-20,  11.0, 379.9
2017-05-21,  12.1, 342.5
2017-05-22,  13.7, 376.1
2017-05-23,  15.5, 369.2
2017-05-24,  15.9, 376.6
2017-05-25,  14.9, 383.1
2017-05-26,  12.7, 398.1
2017-05-27,  10.2, 386.3
2017-05-28,  11.8, 344.9
2017-05-29,  11.8, 391.3
2017-05-30,   9.7, 415.7
2017-05-31,   8.9, 429.5
2017-06-01,   8.9, 431.2
2017-06-02,   9.8, 421.3
2017-06-03,  12.5, 367.9
2017-06-04,  10.2, 357.8
2017-06-05,   7.0, 429.8
2017-06-06,   7.3, 434.9
2017-06-07,   9.3, 426.3
2017-06-08,  10.1, 421.6
2017-06-09,   9.4, 424.5
2017-06-10,  12.9, 364.7
2017-06-11,  10.3, 357.0
2017-06-12,   6.6, 433.0
2017-06-13,  10.7, 407.7
2017-06-14,  12.6, 399.9
2017-06-15,  15.7, 378.3
2017-06-16,  20.5, 375.6
2017-06-17,  18.7, 343.8
2017-06-18,   8.5, 371.4
2017-06-19,   5.2, 444.2
2017-06-20,   6.1, 444.5
2017-06-21,   9.5, 424.7
2017-06-22,  15.8, 378.3
2017-06-23,  18.7, 375.6
2017-06-24,  18.4, 343.8
2017-06-25,  20.5, 315.3
2017-06-26,  19.8, 361.7
2017-06-27,  16.2, 369.2
2017-06-28,  12.3, 402.3
2017-06-29,  10.6, 417.6
2017-06-30,  10.5, 415.7
2017-07-01,  11.0, 379.9
2017-07-02,  12.4, 340.1
2017-07-03,  13.1, 380.9
2017-07-04,  14.8, 374.8
2017-07-05,  13.5, 392.7
2017-07-06,   9.4, 427.2
2017-07-07,  12.0, 403.7
2017-07-08,  13.4, 360.7
2017-07-09,  10.7, 353.8
2017-07-10,  10.5, 401.8
2017-07-11,   8.0, 429.3
2017-07-12,  15.0, 380.6
2017-07-13,  19.0, 378.3
2017-07-14,  13.4, 392.5
2017-07-15,  12.6, 367.1
2017-07-16,   6.1, 390.6
2017-07-17,   3.9, 454.7
2017-07-18,   5.9, 446.1
2017-07-19,   8.5, 432.7
2017-07-20,  10.2, 420.8
2017-07-21,  10.0, 419.7
2017-07-22,  11.9, 372.7
2017-07-23,  13.8, 328.9
2017-07-24,  12.2, 388.1
2017-07-25,  11.6, 400.4
2017-07-26,  15.6, 376.6
2017-07-27,  17.8, 378.3
2017-07-28,  19.4, 375.6
2017-07-29,  18.4, 343.8
2017-07-30,  11.1, 350.5
2017-07-31,  11.2, 396.1
2017-08-01,  12.7, 391.6
2017-08-02,  10.9, 413.5
2017-08-03,   9.8, 424.0
2017-08-04,  10.6, 414.9
2017-08-05,  12.8, 365.5
2017-08-06,  15.1, 318.5
2017-08-07,  15.2, 364.1
2017-08-08,  13.2, 387.6
2017-08-09,  12.7, 399.1
2017-08-10,  13.9, 391.1
2017-08-11,  15.7, 375.6
2017-08-12,  14.3, 353.4
2017-08-13,  10.6, 354.6
2017-08-14,  12.6, 384.9
2017-08-15,  13.0, 389.2
2017-08-16,  10.6, 415.9
2017-08-17,  12.9, 399.1
2017-08-18,  15.3, 377.2
2017-08-19,  13.7, 358.3
2017-08-20,   9.1, 366.6
2017-08-21,  10.7, 400.1
2017-08-22,  12.8, 390.8
2017-08-23,  16.5, 376.6
2017-08-24,  18.9, 378.3
2017-08-25,  17.7, 375.6
2017-08-26,  15.4, 344.6
2017-08-27,  15.1, 318.5
2017-08-28,  18.2, 361.7
2017-08-29,  17.0, 369.2
2017-08-30,  10.6, 415.9
2017-08-31,  11.6, 409.5
2017-09-01,  16.7, 375.6
2017-09-02,  20.0, 343.8
2017-09-03,  16.5, 315.3
2017-09-04,  13.1, 380.9
2017-09-05,  10.6, 408.5
2017-09-06,  13.0, 396.7
2017-09-07,  13.0, 398.3
2017-09-08,  13.8, 389.2
2017-09-09,  17.4, 343.8
2017-09-10,  17.2, 315.3
2017-09-11,  12.4, 386.5
2017-09-12,  11.8, 398.8
2017-09-13,  13.4, 393.5
2017-09-14,  14.9, 383.1
2017-09-15,  12.3, 401.3
2017-09-16,  12.7, 366.3
2017-09-17,  14.0, 327.3
2017-09-18,  15.6, 361.7
2017-09-19,  16.8, 369.2
2017-09-20,  19.7, 376.6
2017-09-21,  11.3, 411.9
2017-09-22,  11.3, 409.3
2017-09-23,  13.4, 360.7
2017-09-24,  16.1, 315.3
2017-09-25,  18.0, 361.7
2017-09-26,  13.1, 388.4
2017-09-27,  12.0, 404.7
2017-09-28,  13.5, 394.3
2017-09-29,  15.1, 378.8
2017-09-30,  17.0, 343.8
2017-10-01,  14.2, 325.7
2017-10-02,  13.4, 378.5
2017-10-03,  15.3, 370.8
2017-10-04,  20.2, 376.6
2017-10-05,  19.1, 378.3
2017-10-06,  14.6, 382.8
2017-10-07,  15.0, 347.8
2017-10-08,  16.2, 315.3
2017-10-09,  16.3, 361.7
2017-10-10,  14.9, 374.0
2017-10-11,  15.3, 378.2
2017-10-12,  12.3, 403.9
2017-10-13,  12.4, 400.5
2017-10-14,  13.8, 357.5
2017-10-15,  16.8, 315.3
2017-10-16,  19.6, 361.7
2017-10-17,  20.8, 369.2
2017-10-18,  19.8, 376.6
2017-10-19,  15.7, 378.3
2017-10-20,  17.7, 375.6
2017-10-21,  15.8, 343.8
2017-10-22,  11.6, 346.5
2017-10-23,  15.0, 365.7
2017-10-24,  18.2, 369.2
2017-10-25,  19.5, 376.6
2017-10-26,  19.8, 378.3
2017-10-27,  16.6, 375.6
2017-10-28,  16.1, 343.8
2017-10-29,  19.5, 315.3
2017-10-30,  16.7, 361.7
2017-10-31,  17.8, 369.2
2017-11-01,  19.1, 376.6
2017-11-02,  18.0, 378.3
2017-11-03,  18.3, 375.6
2017-11-04,  17.3, 343.8
2017-11-05,  18.9, 315.3
2017-11-06,  19.7, 361.7
2017-11-07,  19.3, 369.2
2017-11-08,  20.2, 376.6
2017-11-09,  19.8, 378.3
2017-11-10,  20.4, 375.6
2017-11-11,  17.8, 343.8
2017-11-12,  19.1, 315.3
2017-11-13,  21.8, 361.7
2017-11-14,  24.3, 418.6
2017-11-15,  23.1, 400.3
2017-11-16,  16.9, 378.3
2017-11-17,  19.5, 375.6
2017-11-18,  13.9, 356.7
2017-11-19,  17.9, 315.3
2017-11-20,  14.9, 366.5
2017-11-21,  16.1, 369.2
2017-11-22,  18.8, 376.6
2017-11-23,  22.1, 380.4
2017-11-24,  14.9, 380.4
2017-11-25,  17.3, 343.8
2017-11-26,  21.1, 315.3
2017-11-27,  19.3, 361.7
2017-11-28,  16.3, 369.2
2017-11-29,  20.9, 376.6
2017-11-30,  22.0, 378.3
2017-12-01,  21.9, 375.6
2017-12-02,  22.3, 350.3
2017-12-03,  20.3, 315.3
2017-12-04,  18.9, 361.7
2017-12-05,  20.7, 369.2
2017-12-06,  23.4, 406.7
2017-12-07,  23.3, 406.2
2017-12-08,  25.5, 450.8
2017-12-09,  27.5, 462.0
2017-12-10,  23.7, 351.8
2017-12-11,  18.1, 361.7
2017-12-12,  23.2, 394.9
2017-12-13,  25.5, 451.8
2017-12-14,  24.8, 438.4
2017-12-15,  27.7, 498.1
2017-12-16,  28.1, 474.9
2017-12-17,  20.3, 315.3
2017-12-18,  18.2, 361.7
2017-12-19,  18.9, 369.2
2017-12-20,  21.9, 376.6
2017-12-21,  25.3, 449.1
2017-12-22,  26.8, 478.7
2017-12-23,  21.2, 343.8
2017-12-24,  18.5, 315.3
2017-12-25,  23.9, 402.5
2017-12-26,  27.1, 478.7
2017-12-27,  25.1, 443.2
2017-12-28,  27.0, 485.7
2017-12-29,  28.9, 523.8
2017-12-30,  30.0, 515.7
2017-12-31,  21.6, 315.3
2018-01-01,  21.7, 361.7
2018-01-02,  24.2, 416.4
2018-01-03,  25.5, 451.8
2018-01-04,  28.4, 515.7
2018-01-05,  22.0, 375.6
2018-01-06,  21.5, 343.8
2018-01-07,  24.8, 375.4
2018-01-08,  26.7, 462.6
2018-01-09,  26.5, 465.8
2018-01-10,  27.7, 499.1
2018-01-11,  30.0, 550.1
2018-01-12,  28.6, 517.4
2018-01-13,  24.7, 401.8
2018-01-14,  18.3, 315.3
2018-01-15,  20.7, 361.7
2018-01-16,  23.2, 394.9
2018-01-17,  22.9, 396.0
2018-01-18,  23.8, 416.9
2018-01-19,  24.7, 433.6
2018-01-20,  24.8, 404.0
2018-01-21,  25.9, 399.0
2018-01-22,  24.8, 421.8
2018-01-23,  25.9, 452.9
2018-01-24,  22.0, 376.6
2018-01-25,  19.6, 378.3
2018-01-26,  23.9, 416.4
2018-01-27,  25.2, 412.6
2018-01-28,  24.9, 377.6
2018-01-29,  24.0, 404.6
2018-01-30,  25.3, 440.1
2018-01-31,  26.5, 473.3
2018-02-01,  26.8, 481.4
2018-02-02,  25.9, 459.4
2018-02-03,  23.8, 382.5
2018-02-04,  25.6, 392.6
2018-02-05,  26.9, 466.9
2018-02-06,  27.3, 483.0
2018-02-07,  28.1, 507.7
2018-02-08,  29.5, 539.4
2018-02-09,  25.0, 440.1
2018-02-10,  23.7, 380.3
2018-02-11,  18.6, 315.3
2018-02-12,  17.0, 361.7
2018-02-13,  20.4, 369.2
2018-02-14,  23.0, 398.1
2018-02-15,  24.7, 436.3
2018-02-16,  25.7, 455.1
2018-02-17,  26.4, 438.3
2018-02-18,  28.1, 446.3
2018-02-19,  26.0, 447.6
2018-02-20,  24.5, 422.9
2018-02-21,  21.5, 376.6
2018-02-22,  21.2, 378.3
2018-02-23,  22.6, 388.5
2018-02-24,  21.7, 343.8
2018-02-25,  22.5, 326.0
2018-02-26,  22.4, 370.3
2018-02-27,  24.1, 414.3
2018-02-28,  23.7, 413.1
2018-03-01,  24.9, 440.6
2018-03-02,  25.7, 455.1
2018-03-03,  26.1, 431.9
2018-03-04,  25.8, 396.9
2018-03-05,  24.6, 417.5
2018-03-06,  19.3, 369.2
2018-03-07,  20.5, 376.6
2018-03-08,  22.4, 386.9
2018-03-09,  24.4, 427.2
2018-03-10,  26.1, 431.9
2018-03-11,  19.3, 315.3
2018-03-12,  18.5, 361.7
2018-03-13,  21.6, 369.2
2018-03-14,  21.8, 376.6
2018-03-15,  18.1, 378.3
2018-03-16,  18.6, 375.6
2018-03-17,  22.0, 343.8
2018-03-18,  20.3, 315.3
2018-03-19,  17.4, 361.7
2018-03-20,  17.6, 369.2
2018-03-21,  15.2, 379.0
2018-03-22,  18.5, 378.3
2018-03-23,  22.1, 377.8
2018-03-24,  19.6, 343.8
2018-03-25,  14.0, 327.3
2018-03-26,  14.6, 368.9
2018-03-27,  17.8, 369.2
2018-03-28,  20.5, 376.6
2018-03-29,  21.9, 378.3
2018-03-30,  22.9, 394.9
2018-03-31,  22.7, 358.9
2018-04-01,  21.5, 315.3
2018-04-02,  19.6, 361.7
2018-04-03,  18.8, 369.2
2018-04-04,  20.3, 376.6
2018-04-05,  22.7, 393.3
2018-04-06,  18.0, 375.6
2018-04-07,  18.4, 343.8
2018-04-08,  19.7, 315.3
2018-04-09,  22.3, 368.1
2018-04-10,  25.9, 452.9
2018-04-11,  25.3, 447.5
2018-04-12,  16.8, 378.3
2018-04-13,  13.4, 392.5
2018-04-14,  17.2, 343.8
2018-04-15,  18.9, 315.3
2018-04-16,  20.2, 361.7
2018-04-17,  21.9, 369.2
2018-04-18,  23.2, 402.4
2018-04-19,  23.3, 406.2
2018-04-20,  21.3, 375.6
2018-04-21,  20.8, 343.8
2018-04-22,  21.3, 315.3
2018-04-23,  20.0, 361.7
2018-04-24,  19.3, 369.2
2018-04-25,  21.6, 376.6
2018-04-26,  22.8, 395.4
2018-04-27,  23.0, 397.1
2018-04-28,  20.3, 343.8
2018-04-29,  19.8, 315.3
2018-04-30,  18.1, 361.7
2018-05-01,  15.2, 371.6
2018-05-02,  17.1, 376.6
2018-05-03,  17.3, 378.3
2018-05-04,  18.0, 375.6
2018-05-05,  18.6, 343.8
2018-05-06,  19.1, 315.3
2018-05-07,  20.5, 361.7
2018-05-08,  19.3, 369.2
2018-05-09,  19.3, 376.6
2018-05-10,  18.2, 378.3
2018-05-11,  16.9, 375.6
2018-05-12,  14.6, 351.0
2018-05-13,  15.7, 315.3
2018-05-14,  17.4, 361.7
2018-05-15,  14.7, 375.6
2018-05-16,  10.6, 415.9
2018-05-17,  10.2, 420.8
2018-05-18,  11.2, 410.1
2018-05-19,  10.8, 381.5
2018-05-20,  10.6, 354.6
2018-05-21,  11.7, 392.1
2018-05-22,   9.2, 419.7
2018-05-23,  10.8, 414.3
2018-05-24,  12.1, 405.5
2018-05-25,  11.9, 404.5
2018-05-26,  13.5, 359.9
2018-05-27,  16.3, 315.3
2018-05-28,  19.2, 361.7
2018-05-29,  20.3, 369.2
2018-05-30,  15.6, 376.6
2018-05-31,  11.2, 412.7
2018-06-01,   9.5, 423.7
2018-06-02,   7.7, 406.4
2018-06-03,   7.4, 380.2
2018-06-04,   9.2, 412.2
2018-06-05,   7.5, 433.3
2018-06-06,  10.2, 419.1
2018-06-07,   8.4, 435.2
2018-06-08,   8.1, 434.9
2018-06-09,  11.0, 379.9
2018-06-10,  14.6, 322.5
2018-06-11,  12.7, 384.1
2018-06-12,   9.9, 414.1
2018-06-13,   7.6, 440.0
2018-06-14,   6.2, 452.8
2018-06-15,   4.8, 461.4
2018-06-16,   5.4, 424.8
2018-06-17,   7.6, 378.6
2018-06-18,   9.6, 409.0
2018-06-19,  11.3, 402.8
2018-06-20,  13.0, 396.7
2018-06-21,  12.5, 402.3
2018-06-22,   8.8, 429.3
2018-06-23,  10.0, 387.9
2018-06-24,   2.0, 423.5
2018-06-25,   6.2, 436.2
2018-06-26,   8.4, 426.1
2018-06-27,  10.3, 418.3
2018-06-28,  10.3, 420.0
2018-06-29,  12.0, 403.7
2018-06-30,  10.9, 380.7
2018-07-01,  14.1, 326.5
2018-07-02,  10.7, 400.1
2018-07-03,   5.5, 449.3
2018-07-04,   6.8, 446.4
2018-07-05,   9.5, 426.4
2018-07-06,  10.1, 418.9
2018-07-07,  10.8, 381.5
2018-07-08,   9.8, 361.0
2018-07-09,   7.8, 423.4
2018-07-10,   7.4, 434.1
2018-07-11,   9.4, 425.5
2018-07-12,  10.2, 420.8
2018-07-13,  11.1, 410.9
2018-07-14,  13.9, 356.7
2018-07-15,  11.6, 346.5
2018-07-16,   8.5, 417.8
2018-07-17,  10.6, 408.5
2018-07-18,  12.7, 399.1
2018-07-19,  12.4, 403.1
2018-07-20,   8.3, 433.3
2018-07-21,   7.9, 404.8
2018-07-22,   8.5, 371.4
2018-07-23,   5.4, 442.6
2018-07-24,   1.3, 483.0
2018-07-25,   9.3, 426.3
2018-07-26,  12.3, 403.9
2018-07-27,  12.2, 402.1
2018-07-28,  11.4, 376.7
2018-07-29,  11.4, 348.1
2018-07-30,   8.9, 414.6
2018-07-31,   5.6, 448.5
2018-08-01,   5.6, 456.0
2018-08-02,   6.4, 451.2
2018-08-03,   9.9, 420.5
2018-08-04,  10.2, 386.3
2018-08-05,   9.8, 361.0
2018-08-06,  12.0, 389.7
2018-08-07,  14.3, 378.8
2018-08-08,  11.1, 411.9
2018-08-09,   8.4, 435.2
2018-08-10,   6.9, 444.6
2018-08-11,  11.4, 376.7
2018-08-12,  13.2, 333.7
2018-08-13,  13.2, 380.1
2018-08-14,  12.2, 395.6
2018-08-15,   8.6, 431.9
2018-08-16,  11.4, 411.1
2018-08-17,  14.2, 386.0
2018-08-18,  16.3, 343.8
2018-08-19,   8.7, 369.8
2018-08-20,   5.5, 441.8
2018-08-21,   0.8, 487.0
2018-08-22,   9.0, 428.7
2018-08-23,  11.2, 412.7
2018-08-24,  10.2, 418.1
2018-08-25,   7.3, 409.6
2018-08-26,  10.7, 353.8
2018-08-27,  13.7, 376.1
2018-08-28,  14.1, 380.4
2018-08-29,  16.7, 376.6
2018-08-30,  12.2, 404.7
2018-08-31,   7.6, 439.0
2018-09-01,   9.4, 392.7
2018-09-02,  10.5, 355.4
2018-09-03,  10.8, 399.3
2018-09-04,  12.3, 394.8
2018-09-05,  15.2, 379.0
2018-09-06,  16.9, 378.3
2018-09-07,  15.1, 378.8
2018-09-08,  14.7, 350.2
2018-09-09,  13.8, 328.9
2018-09-10,  13.9, 374.5
2018-09-11,  14.6, 376.4
2018-09-12,  14.1, 387.9
2018-09-13,  14.2, 388.7
2018-09-14,  14.7, 382.0
2018-09-15,  15.4, 344.6
2018-09-16,  17.1, 315.3
2018-09-17,  17.2, 361.7
2018-09-18,  17.9, 369.2
2018-09-19,  14.8, 382.2
2018-09-20,  15.0, 382.3
2018-09-21,  18.9, 375.6
2018-09-22,  20.8, 343.8
2018-09-23,  18.0, 315.3
2018-09-24,  15.4, 362.5
2018-09-25,  16.6, 369.2
2018-09-26,  18.1, 376.6
2018-09-27,  16.0, 378.3
2018-09-28,  18.1, 375.6
2018-09-29,  18.8, 343.8
2018-09-30,  17.1, 315.3
2018-10-01,  12.1, 388.9
2018-10-02,  10.0, 413.3
2018-10-03,  13.8, 390.3
2018-10-04,  13.2, 396.7
2018-10-05,  12.2, 402.1
2018-10-06,  15.0, 347.8
2018-10-07,  17.2, 315.3
2018-10-08,  21.2, 361.7
2018-10-09,  17.8, 369.2
2018-10-10,  14.0, 388.7
2018-10-11,  12.6, 401.5
2018-10-12,  13.2, 394.1
2018-10-13,  14.7, 350.2
2018-10-14,  17.8, 315.3
2018-10-15,  19.5, 361.7
2018-10-16,  20.5, 369.2
2018-10-17,  21.7, 376.6
2018-10-18,  19.7, 378.3
2018-10-19,  16.0, 375.6
2018-10-20,  15.3, 345.4
2018-10-21,  16.7, 315.3
2018-10-22,  17.6, 361.7
2018-10-23,  14.5, 377.2
2018-10-24,  13.5, 392.7
2018-10-25,  15.7, 378.3
2018-10-26,  15.8, 375.6
2018-10-27,  16.1, 343.8
2018-10-28,  17.9, 315.3
2018-10-29,  20.6, 361.7
2018-10-30,  18.4, 369.2
2018-10-31,  16.8, 376.6
2018-11-01,  12.4, 403.1
2018-11-02,  15.9, 375.6
2018-11-03,  19.1, 343.8
2018-11-04,  20.2, 315.3
2018-11-05,  21.2, 361.7
2018-11-06,  20.4, 369.2
2018-11-07,  16.9, 376.6
2018-11-08,  20.9, 378.3
2018-11-09,  26.0, 461.5
2018-11-10,  21.8, 343.8
2018-11-11,  21.9, 315.3
2018-11-12,  23.0, 383.1
2018-11-13,  22.3, 375.6
2018-11-14,  19.9, 376.6
2018-11-15,  21.2, 378.3
2018-11-16,  15.7, 375.6
2018-11-17,  20.3, 343.8
2018-11-18,  17.6, 315.3
2018-11-19,  19.8, 361.7
2018-11-20,  22.3, 375.6
2018-11-21,  25.2, 445.4
2018-11-22,  22.5, 389.0
2018-11-23,  16.4, 375.6
2018-11-24,  17.5, 343.8
2018-11-25,  17.8, 315.3
2018-11-26,  21.4, 361.7
2018-11-27,  20.4, 369.2
2018-11-28,  19.8, 376.6
2018-11-29,  19.2, 378.3
2018-11-30,  20.4, 375.6
2018-12-01,  16.2, 343.8
2018-12-02,  13.9, 328.1
2018-12-03,  19.0, 361.7
2018-12-04,  17.8, 369.2
2018-12-05,  18.0, 376.6
2018-12-06,  16.3, 378.3
2018-12-07,  16.8, 375.6
2018-12-08,  20.2, 343.8
2018-12-09,  22.2, 319.6
2018-12-10,  23.0, 383.1
2018-12-11,  23.1, 392.8
2018-12-12,  22.8, 393.8
2018-12-13,  18.6, 378.3
2018-12-14,  21.2, 375.6
2018-12-15,  20.1, 343.8
2018-12-16,  23.4, 345.3
2018-12-17,  21.7, 361.7
2018-12-18,  18.7, 369.2
2018-12-19,  21.5, 376.6
2018-12-20,  22.2, 382.6
2018-12-21,  21.4, 375.6
2018-12-22,  21.7, 343.8
2018-12-23,  23.3, 343.2
2018-12-24,  24.7, 419.7
2018-12-25,  24.9, 431.5
2018-12-26,  26.2, 466.8
2018-12-27,  26.5, 474.9
2018-12-28,  25.0, 440.1
2018-12-29,  26.1, 431.9
2018-12-30,  23.7, 351.8
2018-12-31,  22.1, 363.8
2019-01-01,  26.0, 455.1
2019-01-02,  26.0, 462.5
2019-01-03,  19.9, 378.3
2019-01-04,  21.6, 375.6
2019-01-05,  23.6, 378.2
2019-01-06,  25.2, 384.0
2019-01-07,  22.5, 372.4
2019-01-08,  24.8, 429.3
2019-01-09,  24.3, 426.0
2019-01-10,  18.8, 378.3
2019-01-11,  17.7, 375.6
2019-01-12,  22.7, 358.9
2019-01-13,  22.2, 319.6
2019-01-14,  22.5, 372.4
2019-01-15,  22.0, 369.2
2019-01-16,  22.1, 378.8
2019-01-17,  20.0, 378.3
2019-01-18,  17.9, 375.6
2019-01-19,  19.0, 343.8
2019-01-20,  20.9, 315.3
2019-01-21,  23.6, 396.0
2019-01-22,  26.6, 468.0
2019-01-23,  23.9, 417.4
2019-01-24,  25.2, 447.0
2019-01-25,  23.4, 405.7
2019-01-26,  25.8, 425.4
2019-01-27,  26.4, 409.8
2019-01-28,  28.6, 503.4
2019-01-29,  29.3, 526.0
2019-01-30,  26.2, 466.8
2019-01-31,  23.7, 414.8
2019-02-01,  26.6, 474.4
2019-02-02,  21.8, 343.8
2019-02-03,  19.2, 315.3
2019-02-04,  20.9, 361.7
2019-02-05,  22.1, 371.3
2019-02-06,  23.8, 415.3
2019-02-07,  25.1, 444.8
2019-02-08,  26.6, 474.4
2019-02-09,  26.1, 431.9
2019-02-10,  27.5, 433.4
2019-02-11,  20.8, 361.7
2019-02-12,  16.4, 369.2
2019-02-13,  18.3, 376.6
2019-02-14,  18.9, 378.3
2019-02-15,  20.9, 375.6
2019-02-16,  22.5, 354.6
2019-02-17,  24.3, 364.7
2019-02-18,  26.1, 449.7
2019-02-19,  28.4, 506.6
2019-02-20,  29.9, 546.3
2019-02-21,  28.5, 517.9
2019-02-22,  28.4, 513.1
2019-02-23,  23.2, 369.6
2019-02-24,  19.7, 315.3
2019-02-25,  16.6, 361.7
2019-02-26,  15.0, 373.2
2019-02-27,  18.2, 376.6
2019-02-28,  18.4, 378.3
2019-03-01,  23.4, 405.7
2019-03-02,  19.7, 343.8
2019-03-03,  20.8, 315.3
2019-03-04,  21.8, 361.7
2019-03-05,  21.4, 369.2
2019-03-06,  24.0, 419.6
2019-03-07,  25.2, 447.0
2019-03-08,  18.9, 375.6
2019-03-09,  15.7, 343.8
2019-03-10,  17.7, 315.3
2019-03-11,  19.5, 361.7
2019-03-12,  19.1, 369.2
2019-03-13,  18.7, 376.6
2019-03-14,  19.0, 378.3
2019-03-15,  20.7, 375.6
2019-03-16,  21.9, 343.8
2019-03-17,  22.1, 317.4
2019-03-18,  22.4, 370.3
2019-03-19,  16.5, 369.2
2019-03-20,  14.2, 387.0
2019-03-21,  14.2, 388.7
2019-03-22,  16.4, 375.6
2019-03-23,  17.8, 343.8
2019-03-24,  17.5, 315.3
2019-03-25,  14.1, 372.9
2019-03-26,  16.0, 369.2
2019-03-27,  16.3, 376.6
2019-03-28,  18.7, 378.3
2019-03-29,  20.7, 375.6
2019-03-30,  22.6, 356.7
2019-03-31,  22.1, 317.4
2019-04-01,  22.0, 361.7
2019-04-02,  24.7, 427.2
2019-04-03,  19.2, 376.6
2019-04-04,  20.1, 378.3
2019-04-05,  15.4, 376.4
2019-04-06,  15.7, 343.8
2019-04-07,  16.9, 315.3
2019-04-08,  18.3, 361.7
2019-04-09,  20.2, 369.2
2019-04-10,  20.7, 376.6
2019-04-11,  16.3, 378.3
2019-04-12,  15.6, 375.6
2019-04-13,  17.6, 343.8
2019-04-14,  20.2, 315.3
2019-04-15,  16.5, 361.7
2019-04-16,  15.8, 369.2
2019-04-17,  18.2, 376.6
2019-04-18,  19.0, 378.3
2019-04-19,  21.2, 375.6
2019-04-20,  17.7, 343.8
2019-04-21,  14.2, 325.7
2019-04-22,  14.3, 371.3
2019-04-23,  14.8, 374.8
2019-04-24,  15.5, 376.6
2019-04-25,  18.2, 378.3
2019-04-26,  17.1, 375.6
2019-04-27,  16.8, 343.8
2019-04-28,  16.7, 315.3
2019-04-29,  17.1, 361.7
2019-04-30,  12.6, 392.4
2019-05-01,  14.2, 387.0
2019-05-02,  17.8, 378.3
2019-05-03,  18.2, 375.6
2019-05-04,  17.2, 343.8
2019-05-05,  19.0, 315.3
2019-05-06,  15.6, 361.7
2019-05-07,  13.6, 384.4
2019-05-08,  15.6, 376.6
2019-05-09,  16.7, 378.3
2019-05-10,  15.6, 375.6
2019-05-11,  12.8, 365.5
2019-05-12,  13.8, 328.9
2019-05-13,  15.1, 364.9
2019-05-14,  11.3, 402.8
2019-05-15,  13.8, 390.3
2019-05-16,  16.3, 378.3
2019-05-17,  18.3, 375.6
2019-05-18,  19.3, 343.8
2019-05-19,  13.7, 329.7
2019-05-20,  13.3, 379.3
2019-05-21,  13.8, 382.8
2019-05-22,  11.9, 405.5
2019-05-23,   9.2, 428.8
2019-05-24,  10.9, 412.5
2019-05-25,  12.4, 368.7
2019-05-26,  14.2, 325.7
2019-05-27,  14.1, 372.9
2019-05-28,  12.4, 394.0
2019-05-29,   9.9, 421.5
2019-05-30,  11.0, 414.3
2019-05-31,  10.7, 414.1
2019-06-01,  13.3, 361.5
2019-06-02,  12.1, 342.5
2019-06-03,  13.3, 379.3
2019-06-04,  13.7, 383.6
2019-06-05,  14.9, 381.4
2019-06-06,  16.6, 378.3
2019-06-07,  13.0, 395.7
2019-06-08,  11.0, 379.9
2019-06-09,  12.7, 337.7
2019-06-10,  16.2, 361.7
2019-06-11,  14.4, 378.0
2019-06-12,  18.5, 376.6
2019-06-13,  16.8, 378.3
2019-06-14,  15.9, 375.6
2019-06-15,  12.8, 365.5
2019-06-16,  15.0, 319.3
2019-06-17,  15.2, 364.1
2019-06-18,  12.1, 396.4
2019-06-19,  12.6, 399.9
2019-06-20,   9.8, 424.0
2019-06-21,  12.9, 396.5
2019-06-22,  15.5, 343.8
2019-06-23,  17.7, 315.3
2019-06-24,  12.4, 386.5
2019-06-25,   9.4, 418.1
2019-06-26,   7.8, 438.4
2019-06-27,   9.3, 428.0
2019-06-28,  12.6, 398.9
2019-06-29,  12.3, 369.5
2019-06-30,   9.4, 364.2
2019-07-01,   6.4, 434.6
2019-07-02,   9.6, 416.5
2019-07-03,   5.7, 455.2
2019-07-04,   4.6, 465.7
2019-07-05,   4.4, 464.6
2019-07-06,   3.2, 442.4
2019-07-07,   5.6, 394.6
2019-07-08,   7.6, 425.0
2019-07-09,  10.6, 408.5
2019-07-10,  11.4, 409.5
2019-07-11,  10.9, 415.1
2019-07-12,  12.0, 403.7
2019-07-13,   7.1, 411.2
2019-07-14,   6.7, 385.8
2019-07-15,   8.9, 414.6
2019-07-16,   7.5, 433.3
2019-07-17,  10.8, 414.3
2019-07-18,  12.4, 403.1
2019-07-19,  12.0, 403.7
2019-07-20,  15.6, 343.8
2019-07-21,  19.3, 315.3
2019-07-22,  10.9, 398.5
2019-07-23,   8.0, 429.3
2019-07-24,   7.5, 440.8
2019-07-25,   9.2, 428.8
2019-07-26,  11.6, 406.9
2019-07-27,  10.3, 385.5
2019-07-28,  10.8, 352.9
2019-07-29,  11.9, 390.5
2019-07-30,  10.3, 410.9
2019-07-31,  13.5, 392.7
2019-08-01,  11.2, 412.7
2019-08-02,   8.9, 428.5
2019-08-03,   8.0, 404.0
2019-08-04,   9.4, 364.2
2019-08-05,  11.5, 393.7
2019-08-06,  14.0, 381.2
2019-08-07,  11.0, 412.7
2019-08-08,   8.6, 433.6
2019-08-09,   7.6, 439.0
2019-08-10,   8.3, 401.6
2019-08-11,  10.3, 357.0
2019-08-12,   9.6, 409.0
2019-08-13,   5.5, 449.3
2019-08-14,   1.6, 488.1
2019-08-15,   9.0, 430.4
2019-08-16,  12.3, 401.3
2019-08-17,  12.7, 366.3
2019-08-18,   7.8, 377.0
2019-08-19,   4.7, 448.3
2019-08-20,   6.8, 438.9
2019-08-21,   7.9, 437.6
2019-08-22,   9.5, 426.4
2019-08-23,   9.2, 426.1
2019-08-24,  12.1, 371.1
2019-08-25,  12.9, 336.1
2019-08-26,  16.6, 361.7
2019-08-27,  16.8, 369.2
2019-08-28,  19.8, 376.6
2019-08-29,  17.8, 378.3
2019-08-30,  11.4, 408.5
2019-08-31,  10.7, 382.3
2019-09-01,   8.4, 372.2
2019-09-02,   7.9, 422.6
2019-09-03,   5.9, 446.1
2019-09-04,   6.4, 449.6
2019-09-05,   7.8, 440.0
2019-09-06,  11.1, 410.9
2019-09-07,  12.7, 366.3
2019-09-08,  13.5, 331.3
2019-09-09,  12.6, 384.9
2019-09-10,  12.5, 393.2
2019-09-11,  12.1, 403.9
2019-09-12,  11.1, 413.5
2019-09-13,  11.6, 406.9
2019-09-14,  14.0, 355.9
2019-09-15,  15.5, 315.3
2019-09-16,  14.0, 373.7
2019-09-17,  13.1, 388.4
2019-09-18,  13.8, 390.3
2019-09-19,  13.9, 391.1
2019-09-20,  11.2, 410.1
2019-09-21,  13.2, 362.3
2019-09-22,  11.9, 344.1
2019-09-23,  13.8, 375.3
2019-09-24,  16.8, 369.2
2019-09-25,  20.2, 376.6
2019-09-26,  18.0, 378.3
2019-09-27,  15.2, 378.0
2019-09-28,  16.5, 343.8
2019-09-29,  20.8, 315.3
2019-09-30,  22.2, 366.0
2019-10-01,  14.2, 379.6
2019-10-02,  13.0, 396.7
2019-10-03,  10.3, 420.0
2019-10-04,  13.4, 392.5
2019-10-05,  13.9, 356.7
2019-10-06,  13.9, 328.1
2019-10-07,  16.6, 361.7
2019-10-08,  17.0, 369.2
2019-10-09,  17.9, 376.6
2019-10-10,  22.2, 382.6
2019-10-11,  20.7, 375.6
2019-10-12,  18.8, 343.8
2019-10-13,  16.3, 315.3
2019-10-14,  10.1, 405.0
2019-10-15,  11.2, 403.6
2019-10-16,  14.6, 383.8
2019-10-17,  16.2, 378.3
2019-10-18,  16.5, 375.6
2019-10-19,  15.6, 343.8
2019-10-20,  14.2, 325.7
2019-10-21,  14.1, 372.9
2019-10-22,  15.5, 369.2
2019-10-23,  14.6, 383.8
2019-10-24,  16.3, 378.3
2019-10-25,  21.1, 375.6
2019-10-26,  22.4, 352.4
2019-10-27,  21.4, 315.3
2019-10-28,  19.7, 361.7
2019-10-29,  15.9, 369.2
2019-10-30,  17.3, 376.6
2019-10-31,  17.6, 378.3
2019-11-01,  19.1, 375.6
2019-11-02,  21.1, 343.8
2019-11-03,  17.1, 315.3
2019-11-04,  19.6, 361.7
2019-11-05,  18.7, 369.2
2019-11-06,  20.2, 376.6
2019-11-07,  21.6, 378.3
2019-11-08,  17.6, 375.6
2019-11-09,  19.8, 343.8
2019-11-10,  18.9, 315.3
2019-11-11,  19.6, 361.7
2019-11-12,  21.5, 369.2
2019-11-13,  24.1, 421.7
2019-11-14,  23.0, 399.7
2019-11-15,  23.0, 397.1
2019-11-16,  21.2, 343.8
2019-11-17,  23.6, 349.6
2019-11-18,  25.1, 428.2
2019-11-19,  24.0, 412.1
2019-11-20,  27.3, 490.5
2019-11-21,  25.6, 455.6
2019-11-22,  20.9, 375.6
2019-11-23,  17.7, 343.8
2019-11-24,  20.9, 315.3
2019-11-25,  19.0, 361.7
2019-11-26,  20.0, 369.2
2019-11-27,  20.2, 376.6
2019-11-28,  22.6, 391.2
2019-11-29,  23.5, 407.8
2019-11-30,  22.0, 343.8
2019-12-01,  19.1, 315.3
2019-12-02,  20.0, 361.7
2019-12-03,  19.4, 369.2
2019-12-04,  19.0, 376.6
2019-12-05,  17.7, 378.3
2019-12-06,  23.0, 397.1
2019-12-07,  20.8, 343.8
2019-12-08,  24.5, 369.0
2019-12-09,  27.4, 477.7
2019-12-10,  29.9, 538.9
2019-12-11,  29.4, 535.6
2019-12-12,  22.4, 386.9
2019-12-13,  19.4, 375.6
2019-12-14,  24.6, 399.7
2019-12-15,  21.1, 315.3
2019-12-16,  21.6, 361.7
2019-12-17,  22.3, 375.6
2019-12-18,  26.3, 469.0
2019-12-19,  26.6, 477.1
2019-12-20,  21.5, 375.6
2019-12-21,  18.1, 343.8
2019-12-22,  17.8, 315.3
2019-12-23,  22.7, 376.7
2019-12-24,  26.1, 457.2
2019-12-25,  20.3, 376.6
2019-12-26,  20.9, 378.3
2019-12-27,  25.6, 452.9
2019-12-28,  25.9, 427.6
2019-12-29,  27.0, 422.7
2019-12-30,  24.0, 404.6
2019-12-31,  23.1, 392.8
2020-01-01,  21.7, 376.6
2020-01-02,  21.0, 378.3
2020-01-03,  22.5, 386.4
2020-01-04,  23.1, 367.5
2020-01-05,  23.9, 356.1
2020-01-06,  21.7, 361.7
2020-01-07,  21.6, 369.2
2020-01-08,  24.7, 434.6
2020-01-09,  25.2, 447.0
2020-01-10,  24.9, 437.9
2020-01-11,  25.0, 408.3
2020-01-12,  24.4, 366.8
2020-01-13,  24.1, 406.8
2020-01-14,  24.9, 431.5
2020-01-15,  24.1, 421.7
2020-01-16,  18.8, 378.3
2020-01-17,  20.0, 375.6
2020-01-18,  23.6, 378.2
2020-01-19,  25.7, 394.7
2020-01-20,  27.6, 481.9
2020-01-21,  23.9, 410.0
2020-01-22,  25.0, 441.1
2020-01-23,  25.3, 449.1
2020-01-24,  26.9, 480.9
2020-01-25,  27.9, 470.6
2020-01-26,  27.1, 424.8
2020-01-27,  20.6, 361.7
2020-01-28,  23.1, 392.8
2020-01-29,  22.0, 376.6
2020-01-30,  18.6, 378.3
2020-01-31,  20.9, 375.6
2020-02-01,  23.9, 384.6
2020-02-02,  26.7, 416.2
2020-02-03,  27.7, 484.1
2020-02-04,  28.2, 502.3
2020-02-05,  28.2, 509.8
2020-02-06,  29.4, 537.2
2020-02-07,  27.3, 489.5
2020-02-08,  22.6, 356.7
2020-02-09,  19.4, 315.3
2020-02-10,  18.4, 361.7
2020-02-11,  21.0, 369.2
2020-02-12,  22.9, 396.0
2020-02-13,  25.2, 447.0
2020-02-14,  24.6, 431.5
2020-02-15,  23.9, 384.6
2020-02-16,  27.6, 435.6
2020-02-17,  26.0, 447.6
2020-02-18,  21.4, 369.2
2020-02-19,  21.6, 376.6
2020-02-20,  18.6, 378.3
2020-02-21,  16.4, 375.6
2020-02-22,  16.2, 343.8
2020-02-23,  20.1, 315.3
2020-02-24,  23.4, 391.7
2020-02-25,  21.5, 369.2
2020-02-26,  21.4, 376.6
2020-02-27,  22.5, 389.0
2020-02-28,  23.9, 416.4
2020-02-29,  25.5, 419.0
2020-03-01,  26.7, 416.2
2020-03-02,  27.1, 471.2
2020-03-03,  25.5, 444.4
2020-03-04,  25.8, 458.2
2020-03-05,  25.0, 442.7
2020-03-06,  24.5, 429.3
2020-03-07,  25.5, 419.0
2020-03-08,  26.8, 418.4
2020-03-09,  23.6, 396.0
2020-03-10,  21.5, 369.2
2020-03-11,  21.0, 376.6
2020-03-12,  21.9, 378.3
2020-03-13,  25.1, 442.2
2020-03-14,  23.1, 367.5
2020-03-15,  19.3, 315.3
2020-03-16,  18.7, 361.7
2020-03-17,  19.9, 369.2
2020-03-18,  19.9, 376.6
2020-03-19,  18.6, 378.3
2020-03-20,  20.2, 375.6
2020-03-21,  21.5, 343.8
2020-03-22,  21.9, 315.3
2020-03-23,  23.1, 385.3
2020-03-24,  24.0, 412.1
2020-03-25,  22.5, 387.4
2020-03-26,  22.3, 384.7
2020-03-27,  23.5, 407.8
2020-03-28,  22.6, 356.7
2020-03-29,  23.7, 351.8
2020-03-30,  22.9, 381.0
2020-03-31,  21.4, 369.2
2020-04-01,  22.2, 380.9
2020-04-02,  17.3, 378.3
2020-04-03,  15.7, 375.6
2020-04-04,  18.7, 343.8
2020-04-05,  19.4, 315.3
2020-04-06,  16.3, 361.7
2020-04-07,  12.9, 390.0
2020-04-08,  12.6, 399.9
2020-04-09,  14.2, 388.7
2020-04-10,  15.4, 376.4
2020-04-11,  17.3, 343.8
2020-04-12,  18.8, 315.3
2020-04-13,  16.8, 361.7
2020-04-14,  13.7, 383.6
2020-04-15,  13.0, 396.7
2020-04-16,  12.6, 401.5
2020-04-17,  15.3, 377.2
2020-04-18,  17.9, 343.8
2020-04-19,  19.5, 315.3
2020-04-20,  19.9, 361.7
2020-04-21,  17.2, 369.2
2020-04-22,  16.4, 376.6
2020-04-23,  19.4, 378.3
2020-04-24,  21.1, 375.6
2020-04-25,  18.0, 343.8
2020-04-26,  17.6, 315.3
2020-04-27,  18.5, 361.7
2020-04-28,  19.4, 369.2
2020-04-29,  15.4, 377.4
2020-04-30,  14.2, 388.7
2020-05-01,  14.7, 382.0
2020-05-02,  12.8, 365.5
2020-05-03,  15.8, 315.3
2020-05-04,  16.0, 361.7
2020-05-05,  13.4, 386.0
2020-05-06,  11.2, 411.1
2020-05-07,  12.1, 405.5
2020-05-08,  12.3, 401.3
2020-05-09,  14.3, 353.4
2020-05-10,  17.2, 315.3
2020-05-11,  15.3, 363.3
2020-05-12,  11.3, 402.8
2020-05-13,  11.6, 407.9
2020-05-14,   8.8, 432.0
2020-05-15,  13.5, 391.7
2020-05-16,  17.9, 343.8
2020-05-17,  18.0, 315.3
2020-05-18,  17.1, 361.7
2020-05-19,  18.5, 369.2
2020-05-20,  19.3, 376.6
2020-05-21,  15.2, 380.7
2020-05-22,  12.9, 396.5
2020-05-23,  11.1, 379.1
2020-05-24,  11.6, 346.5
2020-05-25,  14.2, 372.1
2020-05-26,  11.9, 398.0
2020-05-27,  13.6, 391.9
2020-05-28,  14.0, 390.3
2020-05-29,  14.2, 386.0
2020-05-30,  13.0, 363.9
2020-05-31,   9.6, 362.6
2020-06-01,   8.3, 419.4
2020-06-02,   8.1, 428.5
2020-06-03,   9.4, 425.5
2020-06-04,   9.5, 426.4
2020-06-05,  12.1, 402.9
2020-06-06,  15.4, 344.6
2020-06-07,  15.2, 317.7
2020-06-08,  14.7, 368.1
2020-06-09,  12.6, 392.4
2020-06-10,  12.4, 401.5
2020-06-11,  10.9, 415.1
2020-06-12,  14.1, 386.8
2020-06-13,   8.5, 400.0
2020-06-14,   0.3, 437.1
2020-06-15,  10.8, 399.3
2020-06-16,  17.8, 369.2
2020-06-17,  20.8, 376.6
2020-06-18,  14.9, 383.1
2020-06-19,  11.6, 406.9
2020-06-20,  11.2, 378.3
2020-06-21,  12.5, 339.3
2020-06-22,  11.1, 396.9
2020-06-23,  13.8, 382.8
2020-06-24,  12.0, 404.7
2020-06-25,   8.1, 437.6
2020-06-26,   6.8, 445.4
2020-06-27,   7.0, 412.0
2020-06-28,   6.7, 385.8
2020-06-29,  10.7, 400.1
2020-06-30,  10.7, 407.7
2020-07-01,   7.7, 439.2
2020-07-02,   7.0, 446.4
2020-07-03,   8.8, 429.3
2020-07-04,  10.0, 387.9
2020-07-05,   9.2, 365.8
2020-07-06,   5.7, 440.2
2020-07-07,   6.7, 439.7
2020-07-08,   7.0, 444.8
2020-07-09,   7.6, 441.6
2020-07-10,  10.1, 418.9
2020-07-11,   7.4, 408.8
2020-07-12,   8.7, 369.8
2020-07-13,   7.2, 428.2
2020-07-14,   0.7, 487.8
2020-07-15,   6.1, 452.0
2020-07-16,   8.8, 432.0
2020-07-17,  10.1, 418.9
2020-07-18,  13.8, 357.5
2020-07-19,  17.3, 315.3
2020-07-20,  16.6, 361.7
2020-07-21,  15.1, 372.4
2020-07-22,  14.4, 385.4
2020-07-23,  12.4, 403.1
2020-07-24,   7.7, 438.2
2020-07-25,   6.6, 415.2
2020-07-26,   9.6, 362.6
2020-07-27,   8.5, 417.8
2020-07-28,   4.7, 455.8
2020-07-29,   1.8, 486.5
2020-07-30,   8.0, 438.4
2020-07-31,   8.9, 428.5
2020-08-01,  12.5, 367.9
2020-08-02,  18.0, 315.3
2020-08-03,  15.9, 361.7
2020-08-04,  18.8, 369.2
2020-08-05,  20.9, 376.6
2020-08-06,  14.4, 387.1
2020-08-07,  11.7, 406.1
2020-08-08,  15.3, 345.4
2020-08-09,  15.1, 318.5
2020-08-10,  14.2, 372.1
2020-08-11,   7.5, 433.3
2020-08-12,   7.2, 443.2
2020-08-13,   9.3, 428.0
2020-08-14,  11.2, 410.1
2020-08-15,   9.9, 388.7
2020-08-16,   9.5, 363.4
2020-08-17,  10.3, 403.4
2020-08-18,  12.7, 391.6
2020-08-19,   7.2, 443.2
2020-08-20,   5.4, 459.2
2020-08-21,   8.3, 433.3
2020-08-22,  10.1, 387.1
2020-08-23,  13.4, 332.1
2020-08-24,  16.7, 361.7
2020-08-25,  17.8, 369.2
2020-08-26,  17.8, 376.6
2020-08-27,  12.9, 399.1
2020-08-28,  13.8, 389.2
2020-08-29,  12.8, 365.5
2020-08-30,   7.0, 383.4
2020-08-31,   8.6, 417.0
2020-09-01,   8.2, 427.7
2020-09-02,  10.3, 418.3
2020-09-03,   9.5, 426.4
2020-09-04,  11.6, 406.9
2020-09-05,  11.4, 376.7
2020-09-06,   9.6, 362.6
2020-09-07,  10.2, 404.2
2020-09-08,  13.6, 384.4
2020-09-09,  15.4, 377.4
2020-09-10,  13.9, 391.1
2020-09-11,  14.6, 382.8
2020-09-12,  11.0, 379.9
2020-09-13,  14.2, 325.7
2020-09-14,  10.4, 402.6
2020-09-15,  11.2, 403.6
2020-09-16,  11.8, 406.3
2020-09-17,  15.9, 378.3
2020-09-18,  16.1, 375.6
2020-09-19,  10.0, 387.9
2020-09-20,  10.9, 352.1
2020-09-21,   9.4, 410.6
2020-09-22,  13.0, 389.2
2020-09-23,  15.6, 376.6
2020-09-24,  16.1, 378.3
2020-09-25,  16.2, 375.6
2020-09-26,  16.7, 343.8
2020-09-27,  15.2, 317.7
2020-09-28,  14.0, 373.7
2020-09-29,  16.8, 369.2
2020-09-30,  19.0, 376.6
2020-10-01,  16.1, 378.3
2020-10-02,  11.1, 410.9
2020-10-03,   8.8, 397.5
2020-10-04,  12.3, 340.9
2020-10-05,  13.3, 379.3
2020-10-06,  13.0, 389.2
2020-10-07,  16.6, 376.6
2020-10-08,  14.6, 385.5
2020-10-09,  15.7, 375.6
2020-10-10,  14.7, 350.2
2020-10-11,  16.1, 315.3
2020-10-12,  15.4, 362.5
2020-10-13,  16.8, 369.2
2020-10-14,  20.1, 376.6
2020-10-15,  15.8, 378.3
2020-10-16,  19.5, 375.6
2020-10-17,  21.9, 343.8
2020-10-18,  25.7, 394.7
2020-10-19,  22.8, 378.8
2020-10-20,  13.5, 385.2
2020-10-21,  14.5, 384.6
2020-10-22,  15.9, 378.3
2020-10-23,  18.5, 375.6
2020-10-24,  18.3, 343.8
2020-10-25,  19.7, 315.3
2020-10-26,  17.1, 361.7
2020-10-27,  15.4, 370.0
2020-10-28,  13.8, 390.3
2020-10-29,  12.5, 402.3
2020-10-30,  12.6, 398.9
2020-10-31,  14.7, 350.2
2020-11-01,  17.3, 315.3
2020-11-02,  17.9, 361.7
2020-11-03,  18.3, 369.2
2020-11-04,  18.5, 376.6
2020-11-05,  18.7, 378.3
2020-11-06,  19.9, 375.6
2020-11-07,  20.4, 343.8
2020-11-08,  20.5, 315.3
2020-11-09,  19.1, 361.7
2020-11-10,  19.3, 369.2
2020-11-11,  20.0, 376.6
2020-11-12,  20.2, 378.3
2020-11-13,  21.1, 375.6
2020-11-14,  21.3, 343.8
2020-11-15,  19.9, 315.3
2020-11-16,  19.4, 361.7
2020-11-17,  21.7, 369.2
2020-11-18,  20.4, 376.6
2020-11-19,  18.3, 378.3
2020-11-20,  19.4, 375.6
2020-11-21,  22.0, 343.8
2020-11-22,  23.3, 343.2
2020-11-23,  24.8, 421.8
2020-11-24,  25.9, 452.9
2020-11-25,  22.2, 380.9
2020-11-26,  19.7, 378.3
2020-11-27,  21.6, 375.6
2020-11-28,  23.3, 371.8
2020-11-29,  24.1, 360.4
2020-11-30,  17.1, 361.7
2020-12-01,  21.3, 369.2
2020-12-02,  22.0, 376.6
2020-12-03,  22.3, 384.7
2020-12-04,  18.8, 375.6
2020-12-05,  16.2, 343.8
2020-12-06,  18.3, 315.3
2020-12-07,  20.7, 361.7
2020-12-08,  22.4, 377.8
2020-12-09,  25.7, 456.1
2020-12-10,  28.4, 515.7
2020-12-11,  23.9, 416.4
2020-12-12,  23.8, 382.5
2020-12-13,  19.5, 315.3
2020-12-14,  20.6, 361.7
2020-12-15,  18.7, 369.2
2020-12-16,  20.4, 376.6
2020-12-17,  22.9, 397.6
2020-12-18,  25.3, 446.5
2020-12-19,  21.3, 343.8
2020-12-20,  17.2, 315.3
2020-12-21,  19.0, 361.7
2020-12-22,  23.1, 392.8
2020-12-23,  25.2, 445.4
2020-12-24,  25.1, 444.8
2020-12-25,  24.9, 437.9
2020-12-26,  25.1, 410.4
2020-12-27,  24.6, 371.1
2020-12-28,  26.1, 449.7
2020-12-29,  27.0, 476.6
2020-12-30,  23.5, 408.8
2020-12-31,  20.9, 378.3
2021-01-01,  25.4, 448.6
2021-01-02,  26.7, 444.8
2021-01-03,  26.1, 403.3
2021-01-04,  25.2, 430.4
2021-01-05,  24.1, 414.3
2021-01-06,  22.0, 376.6
2021-01-07,  23.8, 416.9
2021-01-08,  24.4, 427.2
2021-01-09,  23.2, 369.6
2021-01-10,  26.0, 401.2
2021-01-11,  23.7, 398.2
2021-01-12,  20.0, 369.2
2021-01-13,  21.4, 376.6
2021-01-14,  22.9, 397.6
2021-01-15,  22.8, 392.8
2021-01-16,  23.9, 384.6
2021-01-17,  20.3, 315.3
2021-01-18,  22.3, 368.1
2021-01-19,  26.3, 461.5
2021-01-20,  27.1, 486.2
2021-01-21,  26.0, 464.2
2021-01-22,  26.4, 470.1
2021-01-23,  28.4, 481.3
2021-01-24,  28.8, 461.3
2021-01-25,  29.8, 529.2
2021-01-26,  29.0, 519.5
2021-01-27,  27.0, 484.0
2021-01-28,  23.8, 416.9
2021-01-29,  23.9, 416.4
2021-01-30,  19.5, 343.8
2021-01-31,  18.4, 315.3
2021-02-01,  20.1, 361.7
2021-02-02,  20.0, 369.2
2021-02-03,  20.9, 376.6
2021-02-04,  21.2, 378.3
2021-02-05,  20.6, 375.6
2021-02-06,  23.5, 376.0
2021-02-07,  25.3, 386.1
2021-02-08,  20.8, 361.7
2021-02-09,  20.4, 369.2
2021-02-10,  21.4, 376.6
2021-02-11,  21.6, 378.3
2021-02-12,  22.3, 382.1
2021-02-13,  22.6, 356.7
2021-02-14,  22.8, 332.4
2021-02-15,  22.5, 372.4
2021-02-16,  20.1, 369.2
2021-02-17,  20.6, 376.6
2021-02-18,  23.2, 404.0
2021-02-19,  22.7, 390.7
2021-02-20,  19.2, 343.8
2021-02-21,  23.8, 353.9
2021-02-22,  23.3, 389.6
2021-02-23,  22.8, 386.4
2021-02-24,  23.4, 406.7
2021-02-25,  24.6, 434.1
2021-02-26,  25.5, 450.8
2021-02-27,  25.1, 410.4
2021-02-28,  25.7, 394.7
2021-03-01,  25.1, 428.2
2021-03-02,  25.1, 435.8
2021-03-03,  25.4, 449.7
2021-03-04,  24.5, 432.0
2021-03-05,  21.8, 375.6
2021-03-06,  19.6, 343.8
2021-03-07,  22.9, 334.6
2021-03-08,  23.5, 393.9
2021-03-09,  20.2, 369.2
2021-03-10,  22.9, 396.0
2021-03-11,  25.4, 451.3
2021-03-12,  23.4, 405.7
2021-03-13,  22.7, 358.9
2021-03-14,  23.7, 351.8
2021-03-15,  24.0, 404.6
2021-03-16,  21.4, 369.2
2021-03-17,  18.2, 376.6
2021-03-18,  14.9, 383.1
2021-03-19,  17.6, 375.6
2021-03-20,  18.6, 343.8
2021-03-21,  18.2, 315.3
2021-03-22,  17.6, 361.7
2021-03-23,  18.6, 369.2
2021-03-24,  22.0, 376.6
2021-03-25,  20.5, 378.3
2021-03-26,  20.7, 375.6
2021-03-27,  19.6, 343.8
2021-03-28,  18.8, 315.3
2021-03-29,  18.2, 361.7
2021-03-30,  17.2, 369.2
2021-03-31,  17.8, 376.6
2021-04-01,  18.8, 378.3
2021-04-02,  19.3, 375.6
2021-04-03,  20.1, 343.8
2021-04-04,  20.4, 315.3
2021-04-05,  22.0, 361.7
2021-04-06,  22.3, 375.6
2021-04-07,  24.0, 419.6
2021-04-08,  24.0, 421.2
2021-04-09,  21.3, 375.6
2021-04-10,  20.6, 343.8
2021-04-11,  17.5, 315.3
2021-04-12,  16.8, 361.7
2021-04-13,  17.1, 369.2
2021-04-14,  18.4, 376.6
2021-04-15,  19.7, 378.3
2021-04-16,  19.2, 375.6
2021-04-17,  19.9, 343.8
2021-04-18,  20.7, 315.3
2021-04-19,  20.3, 361.7
2021-04-20,  20.4, 369.2
2021-04-21,  20.7, 376.6
2021-04-22,  20.8, 378.3
2021-04-23,  20.9, 375.6
2021-04-24,  18.3, 343.8
2021-04-25,  14.7, 321.7
2021-04-26,  14.5, 369.7
2021-04-27,  15.5, 369.2
2021-04-28,  16.0, 376.6
2021-04-29,  16.4, 378.3
2021-04-30,  16.9, 375.6
2021-05-01,  18.6, 343.8
2021-05-02,  20.2, 315.3
2021-05-03,  20.5, 361.7
2021-05-04,  13.4, 386.0
2021-05-05,  10.3, 418.3
2021-05-06,   9.4, 427.2
2021-05-07,   9.5, 423.7
2021-05-08,  14.3, 353.4
2021-05-09,  13.6, 330.5
2021-05-10,  12.2, 388.1
2021-05-11,   9.4, 418.1
2021-05-12,   9.7, 423.1
2021-05-13,  12.1, 405.5
2021-05-14,  10.8, 413.3
2021-05-15,  10.9, 380.7
2021-05-16,  11.7, 345.7
2021-05-17,   9.8, 407.4
2021-05-18,   9.8, 414.9
2021-05-19,  12.4, 401.5
2021-05-20,  13.5, 394.3
2021-05-21,  14.1, 386.8
2021-05-22,  14.0, 355.9
2021-05-23,  12.4, 340.1
2021-05-24,  11.5, 393.7
2021-05-25,  11.6, 400.4
2021-05-26,  11.0, 412.7
2021-05-27,  14.4, 387.1
2021-05-28,  14.7, 382.0
2021-05-29,   9.6, 391.1
2021-05-30,   8.0, 375.4
2021-05-31,  12.8, 383.3
2021-06-01,  13.9, 382.0
2021-06-02,  11.3, 410.3
2021-06-03,  12.0, 406.3
2021-06-04,  15.8, 375.6
2021-06-05,  13.3, 361.5
2021-06-06,   8.4, 372.2
2021-06-07,  11.3, 395.3
2021-06-08,  13.7, 383.6
2021-06-09,  14.9, 381.4
2021-06-10,  14.3, 387.9
2021-06-11,   9.0, 427.7
2021-06-12,  13.7, 358.3
2021-06-13,  15.1, 318.5
2021-06-14,  12.9, 382.5
2021-06-15,   7.6, 432.5
2021-06-16,   6.2, 451.2
2021-06-17,   6.1, 453.6
2021-06-18,   5.3, 457.4
2021-06-19,   6.5, 416.0
2021-06-20,   6.3, 389.0
2021-06-21,   9.7, 408.2
2021-06-22,  11.7, 399.6
2021-06-23,  13.1, 395.9
2021-06-24,  12.8, 399.9
2021-06-25,  10.9, 412.5
2021-06-26,   9.5, 391.9
2021-06-27,   5.9, 392.2
2021-06-28,   7.1, 429.0
2021-06-29,   7.9, 430.1
2021-06-30,   6.9, 445.6
2021-07-01,   9.7, 424.8
2021-07-02,   9.4, 424.5
2021-07-03,   8.0, 404.0
2021-07-04,   8.2, 373.8
2021-07-05,   9.1, 413.0
2021-07-06,  11.3, 402.8
2021-07-07,  14.8, 382.2
2021-07-08,  13.9, 391.1
2021-07-09,  17.8, 375.6
2021-07-10,  13.6, 359.1
2021-07-11,   8.5, 371.4
2021-07-12,  15.1, 364.9
2021-07-13,  12.3, 394.8
2021-07-14,  10.2, 419.1
2021-07-15,  10.0, 422.4
2021-07-16,   8.2, 434.1
2021-07-17,   8.4, 400.8
2021-07-18,   7.8, 377.0
2021-07-19,   5.6, 441.0
2021-07-20,   8.6, 424.5
2021-07-21,   9.9, 421.5
2021-07-22,  11.9, 407.1
2021-07-23,  14.3, 385.2
2021-07-24,  13.0, 363.9
2021-07-25,  13.9, 328.1
2021-07-26,   9.7, 408.2
2021-07-27,   6.9, 438.1
2021-07-28,   6.8, 446.4
2021-07-29,   5.9, 455.2
2021-07-30,   8.2, 434.1
2021-07-31,   8.9, 396.7
2021-08-01,   8.3, 373.0
2021-08-02,   8.1, 421.0
2021-08-03,   9.4, 418.1
2021-08-04,   9.4, 425.5
2021-08-05,  11.4, 411.1
2021-08-06,  14.9, 380.4
2021-08-07,  17.5, 343.8
2021-08-08,  11.4, 348.1
2021-08-09,   7.8, 423.4
2021-08-10,   5.5, 449.3
2021-08-11,   6.3, 450.4
2021-08-12,   6.3, 452.0
2021-08-13,   8.0, 435.8
2021-08-14,  10.7, 382.3
2021-08-15,   9.0, 367.4
2021-08-16,  12.3, 387.3
2021-08-17,  13.8, 382.8
2021-08-18,  14.7, 383.0
2021-08-19,  13.8, 391.9
2021-08-20,  12.7, 398.1
2021-08-21,  11.2, 378.3
2021-08-22,  13.4, 332.1
2021-08-23,   8.8, 415.4
2021-08-24,   8.4, 426.1
2021-08-25,   9.5, 424.7
2021-08-26,  11.7, 408.7
2021-08-27,   9.5, 423.7
2021-08-28,  12.9, 364.7
2021-08-29,  13.1, 334.5
2021-08-30,  16.5, 361.7
2021-08-31,  20.4, 369.2
2021-09-01,  17.5, 376.6
2021-09-02,  14.0, 390.3
2021-09-03,  13.7, 390.0
2021-09-04,  13.3, 361.5
2021-09-05,  12.8, 336.9
2021-09-06,  14.0, 373.7
2021-09-07,  15.2, 371.6
2021-09-08,  14.9, 381.4
2021-09-09,  13.4, 395.1
2021-09-10,  13.5, 391.7
2021-09-11,  13.5, 359.9
2021-09-12,  18.1, 315.3
2021-09-13,  15.3, 363.3
2021-09-14,  12.2, 395.6
2021-09-15,  11.4, 409.5
2021-09-16,  15.0, 382.3
2021-09-17,  15.8, 375.6
2021-09-18,  16.0, 343.8
2021-09-19,  16.1, 315.3
2021-09-20,  16.1, 361.7
2021-09-21,  10.9, 406.1
2021-09-22,  12.6, 399.9
2021-09-23,  14.3, 387.9
2021-09-24,  13.6, 390.9
2021-09-25,  14.7, 350.2
2021-09-26,  18.0, 315.3
2021-09-27,  13.8, 375.3
2021-09-28,  14.0, 381.2
2021-09-29,  16.2, 376.6
2021-09-30,  16.6, 378.3
2021-10-01,  15.6, 375.6
2021-10-02,  15.1, 347.0
2021-10-03,  11.4, 348.1
2021-10-04,  12.3, 387.3
2021-10-05,  15.7, 369.2
2021-10-06,  12.9, 397.5
2021-10-07,  10.0, 422.4
2021-10-08,  12.7, 398.1
2021-10-09,  14.0, 355.9
2021-10-10,  16.1, 315.3
2021-10-11,  16.8, 361.7
2021-10-12,  17.0, 369.2
2021-10-13,  16.5, 376.6
2021-10-14,  15.8, 378.3
2021-10-15,  13.4, 392.5
2021-10-16,  13.8, 357.5
2021-10-17,  16.1, 315.3
2021-10-18,  15.2, 364.1
2021-10-19,  15.3, 370.8
2021-10-20,  17.8, 376.6
2021-10-21,  19.7, 378.3
2021-10-22,  19.5, 375.6
2021-10-23,  16.9, 343.8
2021-10-24,  16.5, 315.3
2021-10-25,  22.0, 361.7
2021-10-26,  24.0, 412.1
2021-10-27,  25.6, 454.0
2021-10-28,  26.8, 481.4
2021-10-29,  24.7, 433.6
2021-10-30,  24.8, 404.0
2021-10-31,  19.2, 315.3
2021-11-01,  17.6, 361.7
2021-11-02,  19.5, 369.2
2021-11-03,  20.8, 376.6
2021-11-04,  21.7, 378.3
2021-11-05,  16.7, 375.6
2021-11-06,  15.6, 343.8
2021-11-07,  17.6, 315.3
2021-11-08,  21.5, 361.7
2021-11-09,  19.2, 369.2
2021-11-10,  19.4, 376.6
2021-11-11,  20.0, 378.3
2021-11-12,  20.1, 375.6
2021-11-13,  22.2, 348.1
2021-11-14,  21.3, 315.3
2021-11-15,  22.5, 372.4
2021-11-16,  17.4, 369.2
2021-11-17,  14.6, 383.8
2021-11-18,  18.4, 378.3
2021-11-19,  22.3, 382.1
2021-11-20,  23.3, 371.8
2021-11-21,  28.2, 448.4
2021-11-22,  26.7, 462.6
2021-11-23,  19.2, 369.2
2021-11-24,  25.2, 445.4
2021-11-25,  21.5, 378.3
2021-11-26,  20.9, 375.6
2021-11-27,  22.1, 346.0
2021-11-28,  19.2, 315.3
2021-11-29,  20.3, 361.7
2021-11-30,  18.8, 369.2
2021-12-01,  18.3, 376.6
2021-12-02,  19.9, 378.3
2021-12-03,  20.6, 375.6
2021-12-04,  20.2, 343.8
2021-12-05,  20.0, 315.3
2021-12-06,  20.3, 361.7
2021-12-07,  22.5, 379.9
2021-12-08,  22.4, 385.2
2021-12-09,  22.5, 389.0
2021-12-10,  21.9, 375.6
2021-12-11,  23.3, 371.8
2021-12-12,  24.7, 373.3
2021-12-13,  23.1, 385.3
2021-12-14,  22.5, 379.9
2021-12-15,  22.0, 376.6
2021-12-16,  20.4, 378.3
2021-12-17,  21.7, 375.6
2021-12-18,  23.3, 371.8
2021-12-19,  25.0, 379.7
2021-12-20,  25.0, 426.1
2021-12-21,  23.1, 392.8
2021-12-22,  23.7, 413.1
2021-12-23,  24.1, 423.4
2021-12-24,  27.2, 487.3
2021-12-25,  25.5, 419.0
2021-12-26,  25.9, 399.0
2021-12-27,  24.5, 415.4
2021-12-28,  27.6, 489.5
2021-12-29,  30.9, 567.8
2021-12-30,  29.1, 530.8
2021-12-31,  26.0, 461.5
2022-01-01,  24.9, 406.1
2022-01-02,  25.5, 390.4
2022-01-03,  27.6, 481.9
2022-01-04,  27.2, 480.9
2022-01-05,  20.7, 376.6
2022-01-06,  22.3, 384.7
2022-01-07,  23.9, 416.4
2022-01-08,  24.8, 404.0
2022-01-09,  25.2, 384.0
2022-01-10,  27.3, 475.5
2022-01-11,  31.1, 564.6
2022-01-12,  25.8, 458.2
2022-01-13,  28.2, 511.4
2022-01-14,  32.7, 605.4
2022-01-15,  31.5, 547.9
2022-01-16,  27.8, 439.8
2022-01-17,  22.9, 381.0
2022-01-18,  22.6, 382.1
2022-01-19,  23.9, 417.4
2022-01-20,  25.5, 453.4
2022-01-21,  26.4, 470.1
2022-01-22,  25.8, 425.4
2022-01-23,  24.7, 373.3
2022-01-24,  25.5, 436.8
2022-01-25,  26.1, 457.2
2022-01-26,  23.7, 413.1
2022-01-27,  18.0, 378.3
2022-01-28,  19.1, 375.6
2022-01-29,  22.5, 354.6
2022-01-30,  24.2, 362.5
2022-01-31,  21.4, 361.7
2022-02-01,  22.3, 375.6
2022-02-02,  26.1, 464.7
2022-02-03,  23.0, 399.7
2022-02-04,  22.6, 388.5
2022-02-05,  19.6, 343.8
2022-02-06,  17.3, 315.3
2022-02-07,  18.8, 361.7
2022-02-08,  19.1, 369.2
2022-02-09,  21.5, 376.6
2022-02-10,  23.7, 414.8
2022-02-11,  22.3, 382.1
2022-02-12,  17.1, 343.8
2022-02-13,  17.8, 315.3
2022-02-14,  22.4, 370.3
2022-02-15,  25.2, 437.9
2022-02-16,  27.4, 492.6
2022-02-17,  21.0, 378.3
2022-02-18,  20.4, 375.6
2022-02-19,  23.4, 373.9
2022-02-20,  20.9, 315.3
2022-02-21,  20.1, 361.7
2022-02-22,  20.3, 369.2
2022-02-23,  21.1, 376.6
2022-02-24,  21.4, 378.3
2022-02-25,  20.9, 375.6
2022-02-26,  24.9, 406.1
2022-02-27,  24.0, 358.2
2022-02-28,  21.7, 361.7
2022-03-01,  19.9, 369.2
2022-03-02,  22.6, 389.5
2022-03-03,  22.1, 380.4
2022-03-04,  23.6, 410.0
2022-03-05,  22.4, 352.4
2022-03-06,  22.7, 330.3
2022-03-07,  21.8, 361.7
2022-03-08,  20.2, 369.2
2022-03-09,  19.2, 376.6
2022-03-10,  18.7, 378.3
2022-03-11,  17.8, 375.6
2022-03-12,  16.4, 343.8
2022-03-13,  18.4, 315.3
2022-03-14,  20.2, 361.7
2022-03-15,  22.7, 384.2
2022-03-16,  22.9, 396.0
2022-03-17,  24.0, 421.2
2022-03-18,  16.7, 375.6
2022-03-19,  13.4, 360.7
2022-03-20,  15.9, 315.3
2022-03-21,  18.5, 361.7
2022-03-22,  20.2, 369.2
2022-03-23,  21.3, 376.6
2022-03-24,  15.3, 379.9
2022-03-25,  14.6, 382.8
2022-03-26,  18.2, 343.8
2022-03-27,  19.0, 315.3
2022-03-28,  20.4, 361.7
2022-03-29,  20.5, 369.2
2022-03-30,  12.4, 401.5
2022-03-31,  11.6, 409.5
2022-04-01,  12.2, 402.1
2022-04-02,  16.3, 343.8
2022-04-03,  18.4, 315.3
2022-04-04,  14.2, 372.1
2022-04-05,  15.7, 369.2
2022-04-06,  18.9, 376.6
2022-04-07,  20.0, 378.3
2022-04-08,  19.8, 375.6
2022-04-09,  18.8, 343.8
2022-04-10,  21.2, 315.3
2022-04-11,  19.4, 361.7
2022-04-12,  15.0, 373.2
2022-04-13,  13.1, 395.9
2022-04-14,  13.6, 393.5
2022-04-15,  14.1, 386.8
2022-04-16,  16.8, 343.8
2022-04-17,  17.7, 315.3
2022-04-18,  17.8, 361.7
2022-04-19,  18.6, 369.2
2022-04-20,  19.9, 376.6
2022-04-21,  16.3, 378.3
2022-04-22,  15.0, 379.6
2022-04-23,  13.9, 356.7
2022-04-24,  17.8, 315.3
2022-04-25,  20.2, 361.7
2022-04-26,  20.0, 369.2
2022-04-27,  17.4, 376.6
2022-04-28,  11.6, 409.5
2022-04-29,   8.0, 435.8
2022-04-30,   9.5, 391.9
2022-05-01,  10.4, 356.2
2022-05-02,  10.8, 399.3
2022-05-03,   9.6, 416.5
2022-05-04,  10.7, 415.1
2022-05-05,  13.8, 391.9
2022-05-06,  16.0, 375.6
2022-05-07,  17.4, 343.8
2022-05-08,  16.6, 315.3
2022-05-09,  15.0, 365.7
2022-05-10,  14.3, 378.8
2022-05-11,  12.8, 398.3
2022-05-12,  11.2, 412.7
2022-05-13,  14.0, 387.6
2022-05-14,  13.6, 359.1
2022-05-15,  10.5, 355.4
2022-05-16,  12.0, 389.7
2022-05-17,  11.6, 400.4
2022-05-18,  10.1, 419.9
2022-05-19,   8.9, 431.2
2022-05-20,  11.0, 411.7
2022-05-21,  13.7, 358.3
2022-05-22,  11.6, 346.5
2022-05-23,  14.4, 370.5
2022-05-24,  15.5, 369.2
2022-05-25,  10.6, 415.9
2022-05-26,   8.8, 432.0
2022-05-27,   9.9, 420.5
2022-05-28,   9.3, 393.5
2022-05-29,   7.4, 380.2
2022-05-30,   5.0, 445.8
2022-05-31,   1.6, 480.6
2022-06-01,   1.5, 488.9
2022-06-02,   0.8, 496.1
2022-06-03,   6.9, 444.6
2022-06-04,   9.7, 390.3
2022-06-05,  10.9, 352.1
2022-06-06,   8.6, 417.0
2022-06-07,   8.7, 423.7
2022-06-08,   8.0, 436.8
2022-06-09,  10.2, 420.8
2022-06-10,   5.8, 453.4
2022-06-11,   5.8, 421.6
2022-06-12,   7.0, 383.4
2022-06-13,  10.1, 405.0
2022-06-14,  11.6, 400.4
2022-06-15,  11.0, 412.7
2022-06-16,  10.8, 415.9
2022-06-17,   8.6, 430.9
2022-06-18,   7.3, 409.6
2022-06-19,  10.3, 357.0
2022-06-20,   9.4, 410.6
2022-06-21,   9.9, 414.1
2022-06-22,   6.6, 448.0
2022-06-23,   6.8, 448.0
2022-06-24,   8.3, 433.3
2022-06-25,   5.6, 423.2
2022-06-26,   7.7, 377.8
2022-06-27,   9.9, 406.6
2022-06-28,   9.8, 414.9
2022-06-29,  11.1, 411.9
2022-06-30,   9.9, 423.2
2022-07-01,  10.2, 418.1
2022-07-02,   8.9, 396.7
2022-07-03,   6.7, 385.8
2022-07-04,   9.3, 411.4
2022-07-05,   9.6, 416.5
2022-07-06,  11.4, 409.5
2022-07-07,   9.3, 428.0
2022-07-08,   7.7, 438.2
2022-07-09,  15.6, 343.8
2022-07-10,  17.5, 315.3
2022-07-11,  10.4, 402.6
2022-07-12,   7.0, 437.3
2022-07-13,   9.5, 424.7
2022-07-14,  11.2, 412.7
2022-07-15,  10.6, 414.9
2022-07-16,   9.1, 395.1
2022-07-17,   7.1, 382.6
2022-07-18,   9.1, 413.0
2022-07-19,   8.5, 425.3
2022-07-20,  12.0, 404.7
2022-07-21,  12.6, 401.5
2022-07-22,  11.0, 411.7
2022-07-23,  14.0, 355.9
2022-07-24,  14.9, 320.1
2022-07-25,  14.4, 370.5
2022-07-26,  17.7, 369.2
2022-07-27,  18.2, 376.6
2022-07-28,  12.4, 403.1
2022-07-29,   9.2, 426.1
2022-07-30,  11.2, 378.3
2022-07-31,  12.1, 342.5
2022-08-01,  12.0, 389.7
2022-08-02,  11.6, 400.4
2022-08-03,  12.1, 403.9
2022-08-04,   9.7, 424.8
2022-08-05,   8.7, 430.1
2022-08-06,  10.2, 386.3
2022-08-07,  10.1, 358.6
2022-08-08,   9.8, 407.4
2022-08-09,   9.6, 416.5
2022-08-10,   9.7, 423.1
2022-08-11,  11.7, 408.7
2022-08-12,  13.0, 395.7
2022-08-13,  15.2, 346.2
2022-08-14,  17.2, 315.3
2022-08-15,  14.2, 372.1
2022-08-16,  11.5, 401.2
2022-08-17,  10.4, 417.5
2022-08-18,   6.9, 447.2
2022-08-19,   8.2, 434.1
2022-08-20,  10.4, 384.7
2022-08-21,   9.9, 360.2
2022-08-22,  10.8, 399.3
2022-08-23,  12.5, 393.2
2022-08-24,  15.3, 378.2
2022-08-25,  16.7, 378.3
2022-08-26,  15.6, 375.6
2022-08-27,  15.2, 346.2
2022-08-28,   7.1, 382.6
2022-08-29,   8.4, 418.6
2022-08-30,  11.5, 401.2
2022-08-31,  15.0, 380.6
2022-09-01,  16.1, 378.3
2022-09-02,  11.6, 406.9
2022-09-03,  10.6, 383.1
2022-09-04,  13.1, 334.5
2022-09-05,  13.5, 377.7
2022-09-06,  14.4, 378.0
2022-09-07,  17.2, 376.6
2022-09-08,  16.4, 378.3
2022-09-09,   9.8, 421.3
2022-09-10,   9.7, 390.3
2022-09-11,  11.6, 346.5
2022-09-12,  12.5, 385.7
2022-09-13,  12.0, 397.2
2022-09-14,  13.4, 393.5
2022-09-15,  14.6, 385.5
2022-09-16,  17.2, 375.6
2022-09-17,  19.2, 343.8
2022-09-18,  18.1, 315.3
2022-09-19,  17.2, 361.7
2022-09-20,  11.9, 398.0
2022-09-21,  12.6, 399.9
2022-09-22,  12.3, 403.9
2022-09-23,  11.6, 406.9
2022-09-24,  15.7, 343.8
2022-09-25,  15.4, 316.1
2022-09-26,  16.1, 361.7
2022-09-27,  17.4, 369.2
2022-09-28,  13.0, 396.7
2022-09-29,  13.7, 392.7
2022-09-30,  15.1, 378.8
2022-10-01,  16.2, 343.8
2022-10-02,  18.5, 315.3
2022-10-03,  13.7, 376.1
2022-10-04,  14.8, 374.8
2022-10-05,  17.2, 376.6
2022-10-06,  16.6, 378.3
2022-10-07,  19.3, 375.6
2022-10-08,  14.6, 351.0
2022-10-09,  12.4, 340.1
2022-10-10,  14.8, 367.3
2022-10-11,  15.6, 369.2
2022-10-12,  18.8, 376.6
2022-10-13,  15.5, 378.3
2022-10-14,  12.7, 398.1
2022-10-15,  13.7, 358.3
2022-10-16,  14.1, 326.5
2022-10-17,  15.7, 361.7
2022-10-18,  16.8, 369.2
2022-10-19,  18.4, 376.6
2022-10-20,  19.0, 378.3
2022-10-21,  18.4, 375.6
2022-10-22,  13.2, 362.3
2022-10-23,  13.4, 332.1
2022-10-24,  18.1, 361.7
2022-10-25,  21.1, 369.2
2022-10-26,  19.2, 376.6
2022-10-27,  19.1, 378.3
2022-10-28,  22.9, 394.9
2022-10-29,  22.4, 352.4
2022-10-30,  15.2, 317.7
2022-10-31,  11.9, 390.5
2022-11-01,  13.6, 384.4
2022-11-02,  18.2, 376.6
2022-11-03,  18.7, 378.3
2022-11-04,  18.2, 375.6
2022-11-05,  19.4, 343.8
2022-11-06,  20.2, 315.3
2022-11-07,  20.4, 361.7
2022-11-08,  20.3, 369.2
2022-11-09,  21.1, 376.6
2022-11-10,  22.2, 382.6
2022-11-11,  22.9, 394.9
2022-11-12,  22.7, 358.9
2022-11-13,  22.0, 315.3
2022-11-14,  18.9, 361.7
2022-11-15,  21.8, 369.2
2022-11-16,  24.9, 438.9
2022-11-17,  24.2, 425.5
2022-11-18,  24.8, 435.8
2022-11-19,  26.8, 446.9
2022-11-20,  23.4, 345.3
2022-11-21,  16.9, 361.7
2022-11-22,  16.7, 369.2
2022-11-23,  21.1, 376.6
2022-11-24,  26.1, 466.3
2022-11-25,  21.0, 375.6
2022-11-26,  24.1, 388.9
2022-11-27,  25.4, 388.3
2022-11-28,  26.3, 454.0
2022-11-29,  27.6, 489.5
2022-11-30,  24.8, 436.8
2022-12-01,  20.4, 378.3
2022-12-02,  20.1, 375.6
2022-12-03,  21.5, 343.8
2022-12-04,  24.1, 360.4
2022-12-05,  26.7, 462.6
2022-12-06,  28.4, 506.6
2022-12-07,  28.8, 522.7
2022-12-08,  29.4, 537.2
2022-12-09,  29.4, 534.6
2022-12-10,  25.7, 423.3
2022-12-11,  28.6, 457.0
2022-12-12,  22.4, 370.3
2022-12-13,  21.6, 369.2
2022-12-14,  26.7, 477.6
2022-12-15,  23.4, 408.3
2022-12-16,  19.3, 375.6
2022-12-17,  20.3, 343.8
2022-12-18,  22.6, 328.2
2022-12-19,  23.9, 402.5
2022-12-20,  25.0, 433.6
2022-12-21,  25.1, 443.2
2022-12-22,  26.3, 470.6
2022-12-23,  23.3, 403.5
2022-12-24,  19.9, 343.8
2022-12-25,  17.9, 315.3
2022-12-26,  20.5, 361.7
2022-12-27,  23.9, 410.0
2022-12-28,  24.4, 428.2
2022-12-29,  23.2, 404.0
2022-12-30,  28.5, 515.2
2022-12-31,  25.2, 412.6
